x,y
0.0,0.0
8.999758886244269,0.06587859642784386
17.97345031936117,-0.6217710696117107
26.9693891687318,-0.3514301397024423
35.85524366853007,1.07741198188232
44.847257622793094,1.4564700860550195
53.822045983165914,2.129651997960328
62.76307199983261,3.158269404622903
71.69430287695569,4.268726526498119
80.68534346938988,3.8672429462602897
77.11229008621318,-4.393101448555796
68.28026525090722,-6.123805729632947
59.41421918166401,-7.6708115790262115
54.185437664852934,-0.3455236086147533
48.46139198618401,6.599640253275883
39.61887855894891,8.275932676800743
31.052936932420565,11.037208478112326
23.406844008442473,15.784551208302776
15.200176891434026,19.479225054613465
6.699253950288247,22.434611518124008
-1.2064209834787283,26.735809472369834
-9.713322714694367,29.673942031571393
-18.204826808896954,32.6562830949209
-26.471304441100106,36.21512385509618
-35.43634176933638,37.00765505532126
-44.03329916608449,34.344513392078774
-52.70811259742481,31.94709562885152
-61.36932025721103,29.500979958229937
-69.57530171277716,25.8047834874096
-77.63785001784393,21.805369176730476
-85.61820088492395,17.644359679229296
-91.57406120980308,24.391783468389917
-96.69611415570864,31.792092490271376
-103.27483684357678,37.93378670246796
-110.40798023749184,43.42179775583199
-117.37761226804209,49.11602547859897
-109.0972891108933,45.589518933420656
-100.16812065845805,44.46259801869992
-91.36034034815452,42.61246126553021
-82.43713350200089,41.43926921784282
-73.51986226207626,40.22178261273659
-64.60227922125162,39.00658192560842
-55.60947087547622,38.64686251252056
-49.30859728868528,45.07329169545569
-45.64095038168507,53.29207300204682
-43.19725220218764,61.95396305027076
-40.84057904482062,70.63993401668239
-38.58935584537028,79.35383062533322
-37.45198920253302,88.28167454868678
-35.73654572474229,97.11667617146566
-30.16484025678556,104.18463897402347
-23.99998960325817,110.74166699132697
-17.97228286641016,117.42498588949104
-12.242728599089652,124.36560602733387
-6.028935174960484,130.87627199037092
-10.457675261156716,138.7112104871888
-14.17535893285768,146.90747964560276
-5.2097511539830546,147.69353126946902
3.755882650646141,148.47928599028853
12.104052444150877,151.84203205545833
20.50692483656899,155.06565355258505
28.71571945952116,158.75559811018906
37.408173569503234,161.0882450071402
46.06877207458081,163.53651654719616
46.577252857836555,172.52214102705616
49.64328078204849,180.98378819341525
51.80112034960549,189.72127801605225
54.10565280497395,198.42122802522778
55.520803856698784,207.3092732265531
56.125231091916746,216.28895405146702
63.37766941638878,210.95958839036538
70.0936500568536,204.96829437013054
76.25230653444476,198.40544815899435
74.0481889054563,189.67951752223232
65.04941477259176,189.82805743501004
73.70208179028101,192.304214433464
82.35677660083712,194.77327452510477
91.1051435442895,196.8865837364389
99.7516273555059,199.38424618408325
108.46872427700146,201.62304525082703
117.46582046776119,201.85165000628226
126.29857370264784,203.5786330089778
134.86792087759665,206.32932183092709
129.56545005252556,213.60144690887162
124.78176449078383,221.22485509985705
120.11768297013207,228.9220197446282
112.01208813257868,225.0105836490965
104.06685970252542,220.78289572373194
100.75833607595197,212.41308859259652
98.98621202262318,203.58928123184722
96.56389408160284,194.92138784345053
91.84071612537213,187.26034418127392
86.06351892208022,180.35933030835088
77.20056190278385,181.92393660838454
68.235274155187,182.7136299683604
59.275929524435895,183.56811448397866
54.516469545349416,191.20667067657646
50.13013491635706,199.0654281179601
44.408273861276164,206.0123919199637
45.1520780175412,214.98160344479257
47.43290452539839,223.6877983909821
50.21613791360586,232.2466307825392
53.35049124713365,240.68320764644574
48.76740579754817,248.42887274130996
45.24145390721947,256.7094320984481
41.63775597900321,264.95645345419643
37.69510634840816,273.0469116544697
29.17041400004776,270.1608034850128
20.591665219703117,267.439577775202
11.938007020145383,269.9122685697065
15.768809585310365,278.0562818129868
21.1959708170537,285.2358306125049
26.886946559558638,292.20811826421726
33.498232604245665,298.3147455522812
39.984203313188615,304.55431155984405
46.78469832451587,310.44950176889694
53.48034226740377,316.46351475442236
60.113332177582656,322.5465604431761
68.22752392861905,326.440131070173
67.4765460277306,317.47151734271335
67.66067050402008,308.47340097442657
69.32234028241128,299.62812802512866
71.5393297364304,290.90545883727293
70.87799118758234,281.9297899862175
70.64590493931046,272.9327829297924
70.22682912767488,263.9425451429426
68.91133211022364,255.03920489351503
67.86712248126257,246.0999864572766
66.40796406161967,237.21905988926665
64.56030477879537,228.41075953252397
68.7499568727287,220.4454086091936
72.60458921713763,212.31264711696747
76.91935146148899,204.41436712859533
80.6865018366825,196.24071567709098
83.6730021132871,187.75067350417802
80.69540562776498,179.25750453321047
77.0575890762942,171.0254761842648
71.78179292091386,163.73397600070354
67.20018244832039,155.98743835621863
62.33386050903058,148.41651299777092
57.59196647278752,140.76703975126287
55.04174236472948,132.13591253642704
51.92951308399276,123.69114913511586
48.91101043282167,115.21243214816124
46.44001201080628,106.55829055015181
44.628378160551385,97.74251022209177
43.849494626263066,88.77627687469251
40.255819256134366,80.5248832145809
32.89262403833213,75.34961933874479
25.662262965975565,69.99033965175786
18.656662537074833,64.34042260541234
11.696088445319443,58.635126091366516
6.096241934225805,51.589438115576485
2.867202808906701,43.18864610963096
-4.229024281800088,37.65298345037155
-12.22123554844163,33.514800386590075
-15.15902310019635,25.007779503768944
-16.90486970217201,16.178735408150786
-19.006203548031067,7.427484293695949
-19.42602549431308,-1.5627186813997653
-27.691271585130544,-5.124418705015806
-35.501471688582136,-9.596641233473513
-43.95035094848606,-12.697679648515342
-52.87338232627696,-11.523153773551797
-61.850064704893605,-10.875717696835906
-70.77063560534745,-9.68264820599482
-78.85275292787709,-13.642367840623791
-86.58407040533451,-18.2496153988478
-94.63846717051382,-22.265420766276478
-102.71384766059691,-26.238861333390208
-111.174701687561,-29.30707728641656
-119.17175672142545,-33.43589198137962
-127.98775659067391,-35.246457170874585
-136.86089817029162,-36.75223222315141
-145.74615721103385,-38.184772546810215
-154.4811350616763,-40.352758236058584
-163.09461678925516,-42.96195974776004
-171.60892851465138,-45.878549510270375
-180.412824578862,-47.747082113833066
-188.97067603021176,-50.533330224937096
-197.35138808204377,-53.81413279508323
-206.25655260013772,-55.11722331599131
-206.65063724738494,-64.10859124811398
-208.29072583136795,-72.95789118860014
-212.24454433697895,-81.04289701572779
-214.54341555275778,-89.744344661566
-217.17736263235727,-98.35029160434163
-220.73998050847453,-106.61514210926727
-224.92715457430978,-114.58179594525113
-230.60734879374704,-121.56286990485586
-235.45043592448977,-129.14867948881152
-239.81431576783177,-137.01992797382792
-243.44581159532652,-128.7851093325409
-246.8682993105054,-120.46125338475748
-248.0100982337479,-111.53397523187785
-254.1669602205862,-104.96944550957286
-254.94498825504832,-96.00313788727979
-255.66772603273748,-87.03220426224941
-262.039440600828,-80.67600622704138
-261.31579775315095,-71.7051455643733
-260.6977185114279,-62.72639408931002
-259.5598068673179,-53.79861961354067
-258.88039016654335,-44.82430109085002
-263.47236577653206,-37.08390316843875
-263.7272238885732,-28.087512373084945
-268.04249885993505,-20.189512504666503
-271.2398264834282,-11.776600044165832
-266.334820868308,-4.230679297455136
-260.6570727017365,2.7523841962411755
-252.31360375505977,6.126776872833593
-244.3669068378343,10.351703866967219
-236.31159333059597,14.36567002279159
-227.92226053426813,17.62436534952253
-220.17870053688108,22.211006666092512
-211.28295918443473,20.845068969718454
-202.35141750599234,21.953023502290204
-194.8135478594058,26.87039283874123
-186.42034985829812,30.119119868548786
-177.69348881264423,32.31955080130911
-186.69161641853546,32.50312527692676
-191.2848632660611,40.24276889906438
-190.33561450422795,49.19256927606487
-191.17234003302403,58.153589886992
-190.94041876985958,67.15060119784918
-190.3124611666257,76.12866720610178
-198.02969476965433,80.75946686882588
-206.4041123420767,84.05630328010008
-212.380414887444,77.3269788053674
-218.6040827815988,70.82575138715886
-225.52913268270802,65.07738780548215
-232.00575833652132,58.82812223740397
-237.7746438876536,51.92015875328384
-244.51675364747052,45.958283546054034
-250.13056446459515,38.92371688494872
-252.6407737671477,30.28086728210484
-255.89316192734069,21.88908730075187
-258.86033837439766,13.392272372084172
-262.13482444943673,5.009090342307228
-266.1023798934059,-3.069183223191194
-266.0580948826904,5.930707822695188
-267.66592704927,14.785925252217286
-268.93124756768793,23.696534882633742
-271.25815104398686,32.39052822355527
-270.81748146681423,41.37973343445987
-269.8910554663347,50.331925058058836
-270.2087544748111,59.32631594015936
-278.35280861713005,63.1570315556779
-286.4630030064619,67.0589217344566
-294.5234330205311,71.06260353853304
-303.00618350735317,74.06975238392131
-311.9231905090784,75.28917279181317
-320.30348062885906,78.57105297065974
-324.6364086730369,86.45938198027751
-328.3139969008747,94.67371973973621
-336.94418673015184,92.120325232293
-344.7324116750459,87.60994252040149
-352.52448438274746,83.106210410485
-360.0571355763687,78.18085093170214
-367.2537141186919,72.77629199649078
-375.4923064420303,69.15336548194085
-384.08346277241674,66.47156890000889
-393.07157952650005,66.00923004703779
-401.9125999679546,67.69337895784805
-409.8723366793881,63.49307045909974
-414.84531277192593,55.991769986311866
-420.798704695469,49.242168175486846
-426.4764908335569,42.259135555619146
-432.68336426408064,35.741872156196145
-439.28066916160844,29.62014298144043
-446.2766069808108,23.958265728280104
-453.28434347684146,18.310998318089574
-460.37843122921333,12.772594309564433
-466.2311810520238,5.935539423753434
-469.98349870422993,-2.244931970789948
-474.6172661725556,-9.960383937427205
-479.8762406781449,-17.264025984348883
-485.5404410541061,-24.25808304023288
-491.74527151115166,-30.77729150440396
-495.08469792123054,-39.13481693072889
-498.5348109871524,-47.44726060466468
-501.39978006401714,-55.97908058568917
-504.2461842809298,-64.51711215238777
-504.7648863936556,-73.50215239260115
-496.05109423960477,-75.75377986978323
-487.6104797424272,-78.87724379786621
-486.2520171389857,-87.77412973368955
-485.5363718587823,-96.74563193972631
-484.4453953011687,-105.67926334866286
-483.300243352817,-114.60611200959502
-481.4715860263618,-123.41837689340338
-477.0035691609572,-131.23098371126258
-472.10136759719296,-138.77872640879986
-467.0467152426022,-146.22523495806172
-466.39074251746456,-155.2012975572126
-466.3776227157906,-164.2012879944744
-466.14445325000816,-173.19826704303435
-462.2355142958053,-181.3050664270277
-458.49330472886805,-189.49016676588266
-454.37151679052494,-197.4908457490271
-450.0345870998195,-205.3769753991075
-445.7682295453782,-213.3015065030695
-441.2156089280189,-221.06511684326534
-435.76291769648816,-228.22529549561665
-430.44985155978543,-235.48968316609668
-425.2952823410217,-242.86738037925022
-421.8933258688558,-251.19964850752652
-416.5977782191084,-258.4768165754809
-410.81278510664356,-265.3712965913149
-405.7042521645867,-272.78094511063887
-399.1765145676124,-278.97680194121915
-392.25590500102265,-284.7305105910229
-384.2638937764567,-288.86907997988317
-375.66896157169174,-291.538750445595
-367.16934926356356,-294.4979041441237
-358.1730639176094,-294.75645776365104
-349.2171670912285,-295.6463521591949
-340.82057877073373,-298.8863065687709
-331.86015104821473,-299.7293575930353
-322.9478209031189,-300.9825021915619
-314.0902236227929,-302.57717156781575
-307.4141946422443,-296.54139182938303
-300.1427427390157,-291.2379978953976
-292.6017672266732,-286.325392850999
-284.68674879459564,-282.0414130167943
-276.7419128741717,-277.81298751815524
-269.775029197592,-272.11539751561844
-263.9669448472275,-265.2403588845233
-258.3225836379704,-258.2302813857054
-251.13486041528594,-252.81395099751057
-243.64895850588275,-247.8178252382053
-240.02793402774688,-239.5783967550676
-236.2044115638101,-231.4309630506567
-231.7153209018912,-223.63044607874565
-226.90926771696903,-216.02111938161278
-220.35869110447805,-209.84941410317586
-212.96433105712757,-204.7187767655591
-214.24595393889916,-195.81049731389624
-215.16341601279893,-186.8573825853252
-220.07449736829167,-179.3154146776945
-227.856247869897,-174.79387078973264
-236.8080581333488,-173.86376702823125
-245.80726350285252,-173.74417305892098
-254.77809255520484,-173.0201384509971
-263.7057582352634,-174.15890335434844
-272.70542266799015,-174.23662142375568
-281.7007836887871,-173.94769218410173
-290.6910395457852,-173.52900420276998
-298.99484811886043,-170.05815946672624
-307.64891358538097,-167.5868944260685
-315.1542853951829,-162.620065055471
-323.941132483853,-164.56719582671622
-332.7271899621021,-166.51788647079667
-341.5277364756907,-168.40213195962346
-350.3670631792139,-170.09514803408373
-359.3364982712955,-170.83625135274778
-368.27995409483884,-171.84352387412846
-377.21941065908885,-172.8856929275394
-386.21928971080445,-172.83903401101983
-395.2181491461291,-172.69575504093643
-403.2794091263679,-176.69776547707983
-411.9374433971783,-174.24044120758006
-419.94521963556434,-170.1324587689687
-428.07506857221153,-166.2716873088462
-436.58431563109355,-163.34035408130143
-445.09683975691956,-160.41855104084345
-453.78562973245323,-158.07229258085547
-460.85732173740695,-163.63926412623573
-466.91978271555894,-170.29107342058447
-473.3750464478279,-176.56240263749316
-479.9621525731915,-182.6951045618653
-486.50249977134354,-188.87764922629145
-494.47138844033583,-184.69472998475618
-502.3211479885144,-180.29231303087963
-509.7281641288884,-175.1799640701534
-502.8428389628957,-169.38407782570837
-496.55471656512265,-162.94517134163635
-490.38803756712974,-156.38986279544926
-482.9167522828657,-151.37190542206125
-476.0147993716957,-145.5958301098798
-469.37185250760257,-139.52365941392316
-463.65892274460134,-132.56934898635274
-457.84129291879026,-125.70238581404483
-452.13666973125964,-118.74125987865995
-446.7239604205768,-111.55080941168313
-442.57734057045747,-103.56297216881221
-439.4258937853912,-95.1327655781707
-433.75720595309184,-88.14234511442599
-428.52485594175295,-80.81960564351475
-422.5229583870299,-74.11309941876485
-414.1624297851644,-70.78119883540573
-405.72059540775103,-67.66103339999667
-408.58521335182286,-59.12909551728201
-415.6133468621623,-53.50723289348522
-423.60579201289875,-49.36950156913984
-432.333048415836,-47.17063920932949
-440.3661342716076,-43.11237213657518
-448.9439916944137,-40.388337989577295
-457.54829340118096,-37.74902138505228
-466.4080986193304,-36.16666507358141
-475.1988392633527,-34.2371887380087
-483.6863710264733,-31.243561411500217
-492.1670261684352,-28.230508414436514
-500.272706870175,-24.31925025861976
-508.05500830689675,-19.798654684140853
-515.5018683415329,-14.744520176182245
-519.2712398813835,-6.571892802163264
-524.0051654319917,1.0825143519734022
-526.7183482538485,9.66381023168649
-525.1128686684846,18.51945449401881
-523.4623423601219,27.366813586166163
-527.7959421201504,35.25477359619919
-531.0371759939401,43.650868103492336
-525.1289159594098,50.440011154303114
-519.6596978313737,57.587573890506356
-513.796978179459,64.41608165450955
-507.9614088085293,71.26780626347241
-502.7083306542904,78.5756903557017
-498.20635546255585,86.36877827853475
-492.68417086529945,93.47549884950307
-487.42299157515805,100.77755283978463
-480.2970085810366,106.27485821310087
-473.08966431787894,111.66505196400895
-465.0879208962503,115.78477309709825
-456.08797695270675,115.81653806323615
-447.452828272121,113.27996414076156
-438.47738899834917,112.61551712042477
-429.8845039070693,109.93926492601938
-421.3880418144082,106.97107828970883
-413.15490878953227,103.33576254074052
-410.4654134781247,111.92451186587024
-407.20925701365496,120.31483039849414
-411.0970438061899,128.43179497004368
-416.49401139924544,135.63406827779227
-420.4691923748402,143.70859217776737
-423.60872479874456,152.1432430987749
-419.7892941937445,143.99389037272425
-416.81290525430916,135.50029814792288
-415.23374550165914,126.63992262114016
-412.6402495157359,118.02169898914964
-408.50342946991645,110.02878213054875
-404.99452331248557,101.74098522314667
-398.91151745287294,95.10795878629912
-392.49909949330925,88.7928264906251
-383.69967155209116,90.68228882348879
-374.8195620386892,89.21816620909202
-371.9691833695243,80.68146067110082
-366.3497697829004,73.65136885502422
-363.22772923140064,65.21022777133234
-355.91893485415574,59.95841620282063
-347.1620028449843,57.880883582920816
-338.3665927028613,55.97280590320236
-330.2284908212895,52.12946129659247
-322.18939729668074,48.08310796271353
-313.4577564215738,45.901721333030146
-304.4825689760728,45.23388129370806
-295.56763660640775,43.999385103232555
-286.664907377435,45.319010912162426
-277.7618460867042,46.63639455161272
-269.6602925349613,50.55619429754891
-261.4394577868465,54.219236208882734
-253.36813292200637,58.20090858694364
-245.20006091731574,61.9801412770792
-237.3689808560557,66.41570043846296
-229.83335653454947,71.33650993336552
-222.11586969411724,75.96688754947363
-213.91526991744814,79.67500881271391
-205.10756477753296,81.52550338668902
-197.21852686102483,85.85714057739384
-189.7136939071151,90.82478411673021
-181.74268012620306,95.00365230135986
-174.14698165425878,99.83121532252316
-169.0738371941897,107.26513792686002
-164.55697344097618,115.04960591349248
-161.46371479500107,123.50133656165562
-170.25212020235531,125.44142171339162
-179.19863516310068,126.42115129708266
-188.1041661929578,127.72173465706074
-196.9986723270358,129.09569267346762
-205.9939947934837,129.38581975703147
-214.979738423332,129.892190588182
-223.75876928481853,131.8742645356086
-232.50685533144642,133.98873622394922
-241.28696194746976,135.96603939019943
-250.04280444822004,138.04815900781384
-258.83705718549817,139.96156403364495
-267.50219300137877,142.39372794513258
-276.4434509042712,143.420327727893
-285.36159238798393,144.6314232965751
-293.84209375314464,147.64490908474582
-285.1889548801714,145.17040152867742
-277.35862519434204,140.733517823731
-269.85354431434297,135.7662488573198
-260.8537636013915,135.82907495688693
-251.9124441362985,136.85513841649777
-243.01889898346187,135.47497371094414
-239.53560058524545,143.77356589691055
-238.09537684960202,152.65758275817828
-237.10824931606192,161.60328447646327
-235.894069729962,170.52100660336868
-235.26612247473557,179.49907333539142
-234.89249763160208,188.4913146842762
-234.75589130838102,197.49027788635988
-230.8776799878511,205.6118218869372
-227.69067483407625,214.0286501583119
-224.45768665144104,222.4279231870294
-217.21366357491806,227.7687217852544
-213.25527666508,235.85149192129208
-209.96265281543097,244.22756666933023
-208.64031052029264,253.12989281784266
-208.60857238666478,262.12983685605053
-209.3571053429751,271.0986549729106
-210.1011978407511,280.0678425813149
-212.05212136127201,288.85384835282895
-213.36881147227092,297.75701223717914
-214.35543241939348,306.7027698410212
-214.9364184626202,315.6839977758626
-216.622555349316,324.52463929100867
-218.9051392934098,333.2303736390212
-219.73144273606556,342.1923612880115
-224.50957019728918,349.8192543621473
-229.45230587650693,357.3405151610685
-234.2180907864629,364.97512675512064
-240.3934180514225,371.52228897784335
-247.00006456249392,377.63393539086064
-252.35303305094791,370.3989006043777
-259.43539614737557,364.84551128159836
-259.7254388007023,355.85018609240973
-259.0669886424379,346.87430488836736
-258.5393349760737,337.88978589131625
-254.71476268429942,329.74284494486324
-245.7984363140689,330.96723216283476
-236.82093869942832,330.33120026180904
-228.7603693378108,334.33460151156567
-220.61898302907954,338.17098378813864
-211.6248363011691,337.8464462143235
-202.73868308447067,336.41946302964334
-193.96806458898573,334.4004902198568
-185.1003134413682,332.8632883515494
-176.4809032210228,330.2737386892712
-168.64576937526837,325.84534421507254
-160.83369784810367,321.3763914905002
-152.9220044846088,317.08627399536897
-144.56443176697266,313.74696594287906
-137.63749719812844,308.00087357684885
-130.58696398382656,302.40712873157514
-122.83006049376787,297.8430901421332
-114.4175619567419,301.0415066823192
-105.4243393005817,301.3907147245043
-96.45246014875424,300.67981073309375
-88.40938252093926,296.64138253973164
-80.25569520650589,292.8312141473311
-73.33671488612782,287.07554639056985
-66.97486143926105,280.7094784738265
-61.56370737993321,273.5178575337171
-54.35356688972324,268.13140470171027
-47.80541823836716,261.95712342857865
-41.33650415985992,255.6998755794927
-35.94561700030612,248.49304995145383
-28.305226410661398,243.73653529914083
-19.98908550134377,240.29534359039025
-11.633425247564285,236.95125302292507
-3.5803288411031406,232.93284061648365
5.032708239939749,230.32217169059894
11.559190669862723,224.12499272820753
8.195959289755166,215.77701844195943
5.0996612664711485,207.32640079879232
2.4991134671352446,198.7103024275242
1.0244341065693747,189.83193992177343
-1.2417592217517377,181.12192454872886
-4.9174171584609905,172.906722863298
-5.85240807715123,163.9554217298333
-2.742007785250261,155.50998449875152
0.9093633608788196,147.28395941045912
5.067341884437823,139.3020289047718
7.89761595355854,130.7586367977886
10.09111588596603,122.0300310645384
9.258054924848867,113.06866903440803
8.699348784903837,104.08602758274208
7.564808137722847,95.1578240949236
6.665255253521762,86.20289223541036
5.335923705873085,77.30160706772666
4.560291624759609,68.33509186533352
3.010982111610199,59.46944806285282
1.0254385025002057,50.691201280247405
0.19498255515946106,41.72959746622359
-1.1397579114977847,32.829121754967055
-2.9206231141508874,24.00707442285762
-6.889174870132004,15.929290261337888
-9.727432502775985,7.388547108032197
-13.730993273956818,-0.6719430229376169
-20.539606801286016,-6.557754932561446
-26.643681057738625,-13.17139821533021
-32.8050190788606,-19.731727002020442
-38.16409265769763,-26.962240841064716
-41.08209892143449,-35.47606721025926
-45.61470288279931,-43.25138079425186
-53.86741871642001,-46.84201881130481
-62.370941399378864,-49.789916703092125
-71.1470251929438,-47.79483443703722
-79.91091383382275,-45.746846182609765
-75.14044020186392,-53.37852891492938
-70.45179653177237,-61.06075649128445
-65.2229854687704,-68.38602337157134
-56.33232564281016,-69.78465408017763
-48.114162700558275,-73.45368635784945
-40.53504378548287,-78.30723727147404
-36.504719958396926,-70.26009555227813
-34.447039514247756,-61.498477483121846
-32.285055898526124,-52.762012131198844
-29.45237814509947,-44.21941669741869
-26.971308825937232,-35.56815696062245
-24.151195121030977,-27.02140560754099
-20.600051386932815,-18.75161853774438
-15.696386079074694,-11.204826732711691
-6.850975252378706,-9.543891060577078
2.1464844840078907,-9.75770942298277
11.135568321142253,-9.31457087921842
19.773039122818016,-6.785915475609915
27.656400164614794,-2.4439552403382168
23.163364729270555,-10.242200721005059
18.673580573636393,-18.042318555744238
22.139334776970966,-9.736384062740541
25.63301741018217,-1.4421582605093128
29.03896295922869,6.888480065389253
23.784967849888044,14.195704941566557
18.978791393183865,21.804953778805505
14.750657921023336,29.74994511559094
10.040754896366641,37.41915716757708
5.2125237254439964,45.01443094540305
1.029694911476473,52.98336707973383
-2.851202982679016,61.10362763806195
-11.356513996035314,64.0463618370816
-20.35023118418602,63.71013105389482
-29.299435466006642,62.75527885473349
-38.28329178330931,62.21646008180448
-47.21311550209151,61.09474338340214
-56.16158102419129,60.132992480209786
-65.15363079134626,59.754784885087545
-69.42946593932842,51.83536358127499
-73.1538578206823,43.642140460054314
-65.81670352210426,38.43002315526756
-59.12072954625226,32.41637762907362
-50.68800588609853,29.271672289700263
-42.30289357281638,26.00213233832425
-33.787689698906746,23.08814829825915
-25.10561022051145,20.717178890859078
-16.399560907570823,18.435796555377856
-7.474472541628746,17.27700509004634
-5.519151734407771,26.06203329380576
-6.171767313239818,35.03834060284245
-9.915175136302945,43.22289299562665
-13.163611080007009,51.61620366065337
-15.219829764986837,60.37816489770182
-17.270742848964908,69.14136953538816
-19.272020640863154,77.91604258910672
-12.655372752989399,84.01685980714363
-6.524588646797879,90.6057509310938
-0.6091904001591475,97.3886753434445
4.828033931007082,104.56060615547649
12.65955297333884,108.99539019639606
21.394583329634848,111.16316432544804
30.148807839288132,113.25207629931997
39.120397009763856,113.96663053533189
47.97588311587252,115.57298224791423
56.72420687498578,117.68647021942822
56.88199808447491,126.68508688723932
54.42191050738115,135.3423363992396
51.00556223041812,143.6687140300279
47.355604484723564,151.89536635370393
43.226381811126565,159.89221073832542
40.3479952657684,168.41951341241298
37.901505817125184,177.0806155003506
35.29847342615269,185.69596357059987
32.76616246588694,194.33236335294654
30.716072012730105,203.09576047585927
28.932345847526648,211.91722979607846
27.15885438656252,220.74076242410717
25.89374466258904,229.65140198512117
25.614822712978476,238.64707886604708
25.894602903285318,247.6427290951918
23.913786521910755,256.422043787312
23.593460532349464,265.41634149532746
22.570718848223777,274.3580415265045
18.505210548770386,282.38746505917953
13.566304787166896,289.91124136353625
10.38358535930285,298.32969116403376
7.858669374939819,306.96825581748794
1.893640777963851,313.70757580078435
-4.232926422759365,320.3003881244458
-10.357721708855191,326.8948466089173
-16.74259971725021,333.2378216851661
-11.363281271587075,340.4532865392243
-5.961240259022861,347.6517553276941
1.1450884902999183,353.1744441390023
10.14465447189221,353.08605781106303
19.144508052253272,353.1373952444027
28.136834172076476,353.50897424642665
37.12540277877176,353.05550495007714
46.123199813186865,353.25462433002406
45.45688810176551,344.27932329311045
46.98789768596493,335.41050095566965
53.2583725051043,328.95440728050204
59.16897874885717,322.1673067337804
67.23449986463339,318.17389101149854
70.17524988296816,309.6678937548764
72.1338599178911,300.88359829473285
73.39363660880682,291.9722031913259
76.43086709155378,283.50017681066157
78.74056291067097,274.80159616649024
80.78496768877218,266.03687089394026
80.66956018731527,257.03761086277063
80.45644781655564,248.04013437669806
78.39360632993449,239.27972999099336
74.84945451316096,231.00694400925417
72.83763789118763,222.23468125215715
79.28386555579206,215.95406433213344
84.8265237371949,208.86329989632486
90.60512300044508,201.96346000290964
89.20768685990222,193.07261233617368
88.69820502573411,184.08704455997542
88.04134032512162,175.111047191154
88.17376075757379,166.11202142004583
88.61485560659857,157.12283706693773
90.64398951445753,148.35456382849583
93.32394052358056,139.76283160567255
97.53928655742723,131.81104829531174
96.94631188818212,122.83060392759623
97.57317357444602,113.85246133425912
99.34883148127692,105.02936442909547
98.17426763399733,96.10633804962849
96.889935886034,87.19844873951843
93.94960922790803,78.6923051277803
102.92484083294619,79.35955143606822
111.88349175172537,80.22127860603362
120.8369923878718,81.13496693283064
129.79258079538346,80.24197405758332
138.3165717434736,77.3537949916532
147.12170642449524,75.49110788720728
155.95283360841762,73.75582904466157
164.50578912221224,70.95458789491211
173.25412034792447,68.84113082999974
181.67094446481815,65.65411470433037
188.84041601177788,71.09458138811168
196.31107009275664,76.11347843849585
203.63295595880425,81.34702287458997
210.0374737154262,87.67016705332841
216.82183974336579,93.5839118566606
221.8426841484428,101.05325730723433
228.45613741302085,107.157537438195
236.11040192787772,111.8916936181919
241.75605248550247,118.9007327664055
246.98611413149345,126.22510681332128
252.1411151709317,133.60250230789725
251.8214131919065,142.5968222179631
250.91041656526505,151.55059712837087
250.135259259473,160.5171533876756
248.8968798106567,169.43154716071192
250.60104685583389,178.26873080043174
252.14533340331772,187.13525092161007
254.76531883815335,195.74545860326612
258.25337699215663,204.04205129631129
262.2812562894049,212.09041686745667
269.3182775273068,206.47968321691536
277.61459130112405,202.9909617080571
285.9964833050251,199.71317488842735
294.44671095370387,196.6158126743
303.2161503902077,194.59172473908308
309.66001507250303,188.3086834407733
315.93366521683265,181.85567531536756
315.3197489079687,172.8766382419554
314.4560976603127,163.91817260757236
313.3713864678571,154.98377830079582
309.85557387955265,146.6989088483591
303.7816973609329,140.05752164111396
298.0365555930448,133.1297986337423
293.03095709144264,125.65022754705842
286.1240773531913,119.88004450998474
280.06083500750407,113.22894743826306
274.064857583694,106.51714777400313
271.0536740655196,98.03582866552276
263.9796570401536,92.47181184987318
256.6140766716512,87.29994315131442
249.43636760920452,81.87034900304975
242.39804258950574,76.26125095460367
235.62303503975878,70.33678703785381
229.1401934199632,64.09397000284103
222.947876069653,57.56287470166477
216.09539451300913,51.72819420348368
209.64922151180954,45.44752117914903
204.089252154327,38.370322528280546
199.73623721685829,30.493060252960923
194.7572136280683,22.99577246988413
190.55525620417166,15.036906105397335
186.70534603868256,6.901908151023704
192.52585324408147,13.766432597181549
201.07456274856543,16.580604910304046
194.511061027337,22.738562782474908
187.24832249196106,28.053882995478524
181.131574740207,34.6558067258325
174.79857495196825,41.05057909724397
168.98964562487154,47.92490379664501
164.3155581118095,55.61599643165058
159.0502601505965,62.91508112629863
151.51278977780441,67.8330624580323
144.41826578531243,73.3709076454635
135.46898901162845,74.32508018122427
126.47227711194897,74.56833929033449
118.05367860893499,77.75066536492996
122.15091104584896,69.73738349306875
128.58782442116453,63.447220840268514
134.62796614560656,56.77513811081635
138.16487194449667,48.49925161027896
142.34162383442785,40.52712870292513
148.9580731696786,34.42609615145818
155.15192069562005,27.896451993819213
163.6981472856361,25.074748417590516
172.36243191783765,22.639554008062678
179.9332884191606,17.77312494391559
187.6606251724271,13.159203975626676
195.34917585348305,8.480936302135369
202.27102415507855,2.728717939651305
209.03861133240483,-3.2042209440123646
200.7168152655909,-6.631714229543293
193.13890764554228,-11.487156135488462
185.24555661475478,-15.810928736442998
183.90952616034144,-6.910646570978834
183.44940424141808,2.077583945631524
185.8375333395552,10.754959090837025
192.52312603580125,16.78014376019784
199.17392682174088,22.84371110176702
206.82686817726952,27.580005920381986
214.11784422295815,32.85652639330672
221.41783010294196,38.120574849774094
229.1567268127287,42.715080015213715
235.8908963540511,48.68592255113149
244.81528714907049,49.850074146832306
253.81450062597338,49.96905648639773
262.7601845345257,48.98176756806242
271.6525196394932,47.59382795087375
280.5968579998485,46.5944224798678
289.5940299436094,46.36881881322833
298.59275354956185,46.52038880918336
307.5700298008496,47.15953754622686
316.4717005836454,48.486284422884026
324.85531025957886,45.21289339803015
333.41297939960543,42.42608538709074
341.4774448568057,38.43053825439118
348.23421771104796,32.4852863172422
354.9808311745736,26.52850809627628
352.54963793984575,17.86309988572942
349.36001261152916,9.447264201439907
347.7035341797016,0.6010175846600259
345.2513199947144,-8.058465401693546
343.3432015649795,-16.853866703402616
346.60101099272845,-25.243543558470954
350.43925608552684,-33.384051810884216
357.8440050826127,-38.499683960497364
364.3125785508612,-44.75728392261313
370.97264333938426,-50.81067446120177
374.02096852477166,-59.278715176983226
376.9761654490826,-67.77970400996863
379.7124069513312,-76.35367522763501
387.31548952154276,-81.16960041710222
396.197175013959,-79.71506859764874
401.7187207699069,-86.82228552588252
405.99538327200867,-94.7412600708041
409.81569136841586,-102.89020147742404
411.3365576444377,-111.76076886460166
413.49436102224035,-120.4982676247013
415.93830569940246,-129.1600881270536
419.5796762545052,-137.3905450086872
423.48254142418403,-145.50027024862644
427.74217396984267,-153.42841824017938
432.170160961544,-161.2637823798555
431.301382700979,-170.2217522577893
429.6383443088448,-179.0667679901827
424.5550815753955,-186.49377546175054
419.03333959777626,-193.60083994243433
412.63802651107966,-199.93329369458496
408.04056658601803,-207.67043543022945
405.9328276599129,-216.42014608941017
403.40432232267284,-225.05766082222237
401.0270718794856,-233.738022584866
398.9145572987692,-242.48658144597334
395.28679879653833,-250.72304720802754
390.81437412034535,-258.5331315555733
386.6664633273969,-266.5202985160006
383.33670625403926,-274.8816810471628
380.91769052212135,-283.5504965884425
378.45579599689967,-292.2072324251585
374.70540456905184,-300.3885870891445
365.9546701877679,-298.28510241170704
369.1663890648658,-306.6925313798573
371.7674290825806,-315.30848117232046
370.8907138451474,-306.35128460238565
364.60725085775647,-299.90783111174204
356.63795119862243,-295.72569494192106
349.54664748082024,-290.183726737223
341.37664980892674,-286.40865878535055
333.7236052756644,-281.6725306861642
325.3404454722342,-278.39798770886927
326.4661052469435,-287.3273152351503
323.6410885227764,-295.87244721237425
320.7255757900618,-304.38712779977027
319.29104259586194,-295.50219029212633
310.3217409239989,-296.2449066034557
301.33189568981936,-296.67232053104715
292.3337311318625,-296.4905663345942
284.5382190919738,-291.99278999111624
276.7387619695569,-287.50185817293203
268.6496884221276,-283.5563684512017
262.7711559781712,-276.7414688697441
256.4504713088908,-270.33452378557774
249.39812002745646,-264.7430712548618
242.84428413685774,-258.57482716767623
237.19021498848068,-251.57257738168818
232.76410071572718,-243.73615521053588
225.0004681787851,-239.1835724456283
218.43590244178367,-233.02674885837274
211.71920447028714,-227.03625903201515
204.57565536798663,-221.56179958627797
197.1213199611289,-216.51869700531986
189.1190310847288,-212.40003548261103
180.3930417689684,-210.1961501722478
171.50588039899208,-208.77545921922535
168.84475412582185,-200.17787775940525
164.14973103848016,-192.49954732829408
158.19254477862268,-185.75329415594985
152.15467411309024,-179.0791561721873
146.32632851161307,-172.22128569005213
138.6446391976977,-167.53176020398453
130.96224516487746,-162.84338927961358
122.78513597023463,-159.08375030507264
114.79564876272048,-154.94031041037562
109.03423413237158,-148.02611476249285
102.82928230872729,-141.50702181437094
97.27400884824532,-134.42613650395504
90.80381833947644,-128.17020853280349
84.34030891310394,-121.90737803093029
78.23201442430698,-115.29763231432878
72.45705952053564,-108.3947419154157
73.86255452185479,-99.50516465880409
75.987856527158,-90.75970347106485
77.25965328604276,-81.850015878108
79.06379466431764,-73.03269917248855
81.4395620436415,-64.3519313862072
83.96545992240905,-55.713653785548786
86.29306122231559,-47.019847243609135
85.86486805030154,-38.030039091738495
84.56951273801043,-29.123746113460804
88.48705525390861,-21.02110082712811
89.51470021009327,-12.07996298879749
91.34651803949653,-3.2683545408534016
93.72402212180187,5.411937754836922
93.08426371479473,14.389170579079758
93.19217652612171,23.38852360166704
102.13100743398618,24.43604543943762
111.03980718901406,23.158044295144432
119.4727320806094,26.302209967101128
127.52872210625003,30.314818184554976
135.8164098988896,33.82398205244894
144.13114161396746,37.26857731260323
152.54808644179826,40.455274625692724
160.9435739334154,43.69808047527723
164.93386339887746,35.631012235710784
163.17079187021187,26.80539164649395
158.89726835348708,18.884722687876916
155.36318852539972,10.607629009012008
151.76199646082574,2.359513120274226
149.6662979709816,-6.393089226437535
158.51548642898828,-8.033779213814894
167.2804834947401,-10.077018416003758
176.09199623273526,-11.909296579424595
185.08457237788372,-12.274774723375703
194.05654715473128,-12.98447085807747
202.83968194725284,-14.948279203206026
211.37142270313328,-17.813484200138724
220.35373917526965,-18.377390925038117
218.45359533376018,-9.580263360794614
220.2253683482893,-0.7563855066430918
222.72963040173747,7.888189183164311
225.09819345816317,16.57092544817516
227.29049608994694,25.299831975952465
229.97894565784244,33.88890869704896
221.01048106348992,33.136151883832135
212.34468010363963,30.706358945276037
203.4044435674886,29.67090219694252
210.38714374592018,23.99270721806666
217.60430880838942,18.615670072846957
224.42116411293094,12.73940563385653
233.1165035060368,10.417537239933113
241.97532310149901,8.829672203145073
250.20239924992657,12.478674539123148
258.5104584267033,15.93933238340303
267.07694116972493,18.69892898680576
275.82370498952076,20.81886358030384
284.2341259918484,24.022739134005242
292.6106309972533,27.31426824589627
300.66294406663417,31.33425011559129
308.68835838203995,35.407666994094974
