0,1,x_pos,y_pos
0.0,0.0,2.0,5.0
4.882828950990602,7.560289771918006,7.9904121586835215,4.660939284055748
12.202253098495412,2.3233030286730427,13.973727065533271,5.108088840098871
20.638222293225404,5.459291508493495,19.96833567109453,4.853790459980291
29.043629362797446,8.676298190921784,25.753442699917223,6.445185026097151
37.18802888634869,12.506279444241205,31.653685070323487,7.534744556578465
29.4989605940929,7.828862550588618,33.17856954084911,13.337737521553503
20.717874924244637,5.855911852069918,34.59944940727387,19.167068564236597
25.921272435648106,-1.4874289638203626,38.79656148663457,23.45475444280612
28.346480300619234,7.17965629084756,43.140804163950975,27.593299544720896
19.397813163185088,8.13952944049084,47.54593085552669,31.666978328224467
17.952265763102687,-0.7436227429469149,52.10999037527783,35.56176467668685
22.76695985753603,-8.34748497059338,57.31529082827654,38.54586373570138
21.67152942611444,-17.28057134484923,62.88436392989435,40.77867021832297
30.66676330049162,-17.5734323105945,65.9456604796273,45.93894767545578
22.27875430330045,-20.835533636893228,70.48991863974265,49.85681926271142
13.414647639607837,-19.277453711253923,74.14150409902004,54.61769351368612
9.108853659937008,-11.374281044240352,77.55272791637947,59.553638414906125
5.47668386021328,-19.608802435673788,80.98922159668687,64.47202343289803
-1.2615533131485783,-13.64255069814843,83.12427759797825,70.07929869556791
-0.23282648722895338,-22.58356412603418,85.66097805133082,75.51668325158019
-5.07983941866433,-30.166865889942706,80.97062110346369,79.25841436185449
-14.040498457738318,-29.32627705736071,78.42391722900187,84.69112081221616
-13.90871489132565,-38.325312177395716,79.72016713186292,90.5494257026544
-15.793271365246712,-47.12579210161588,80.73055640933876,96.46373999156076
-23.28724518570157,-42.141782031568155,75.81563804620562,99.90518990166213
-29.264029210925806,-48.87067887398031,71.21890597392013,103.76136083350912
-30.61080345182125,-57.76934164678277,66.55970912071614,107.5418217423262
-21.982701067279653,-55.20890237941721,61.90831759638633,111.33188201722854
-21.679896417315852,-64.20380701170544,56.78363545047037,114.45240006770192
-17.963501807677613,-56.00695327960482,51.09303820808317,116.35426836622712
-10.886752470397694,-50.44641204539856,45.485051383375406,114.22108207011884
-3.4759577568424387,-55.55328209598154,46.41618487344505,120.14839093870928
-6.894570354082461,-63.87873030673823,46.44908871574424,126.14830071612776
-9.661620257294803,-55.31465214075139,47.73975854455143,132.00783750609733
-2.1112472013548365,-60.21280145616999,48.67021255170016,137.93525307619032
-1.987247006555342,-51.21365572161887,53.37600687407924,141.6575507262265
-9.073387832996442,-56.76222384212028,58.281900572085085,145.11185340894937
-4.246338810156404,-49.16619871504895,63.5035059762035,148.0673291749947
2.3284797017571286,-55.31207225226065,67.39131978635022,152.6373295883024
5.43531644207342,-46.86532344168147,71.36702438049028,157.13107779888716
5.225151450707045,-37.867777627605065,75.04521450905112,161.87142772037583
-3.6736211581608096,-36.521729316561554,80.42363034804951,164.53087184703298
-12.3176821384134,-39.02776398704688,85.34831717410167,167.95832858130527
-14.67301572135824,-47.714098295203115,88.3131025744158,173.17465367950268
-17.80450590447181,-39.27645826773909,89.83585015628807,178.9782077459263
-9.04910031596091,-37.19250217878904,91.32574265976984,184.79028313498216
-8.319854672930887,-28.222095231937544,91.7516958214656,190.77514436178112
-10.393995880887193,-19.464359323070607,92.51019791968172,196.72700747907487
-1.4189023254688546,-20.133459966836593,92.93246828195208,202.71212967842453
7.474837591066976,-21.512369063556566,94.63849704162097,208.4644740588648
9.309033416992705,-30.323482822449733,97.09053052553436,213.9405613293315
4.750701742837843,-38.08374134574626,99.576615395754,219.4012739218477
-2.939868784944931,-33.40879482656566,102.00326934755344,224.88865495456412
3.342971524650408,-39.852855475265656,103.68526109904884,230.64807365334804
1.7660304382191843,-30.992084808448634,106.15279655859725,236.11719321282663
9.038391573105926,-25.689937741100476,110.90855225255108,239.7754424907498
0.9353660441188083,-29.606693704469,115.46300498138702,243.68145840735832
9.22096681733656,-33.120782466417566,120.52263080649982,246.90639042367303
2.946026605594307,-39.57253613027206,125.05399718042126,250.8391653708692
-6.051080005093402,-39.80073042450259,127.79739061172234,256.17524937330904
-6.090346621850015,-30.800816084198658,131.6128911404704,260.8057953146774
-4.6256645618680645,-21.920798828406475,135.18979746075277,265.6230290827153
-13.048565289681463,-25.09172035525011,138.69319262798425,270.49398610389903
-13.582202461803462,-16.10755476413763,142.84222709923745,274.8282118659415
-21.179149235419793,-20.933153143493318,146.8075425888408,279.3311301494452
-30.015425061356048,-19.22428523520597,148.8305211603671,284.97980766716074
-31.164640590015182,-28.150611672699085,153.7991251271773,288.34328423479104
-31.75481694683413,-37.13124037384533,158.5522617876271,292.0049357593204
-22.965257378250996,-39.06608987453744,163.09691321292527,295.9223511601345
-14.123117590720659,-37.387827684719426,167.4767499677503,300.02320838772533
-10.651733143365128,-45.69141064743245,171.83995137600297,304.14176073910096
-9.332668318858456,-54.59422301144131,176.03151116603811,308.43487458880963
-18.144116795232936,-52.76163583801744,180.01876079705696,312.9183821866553
-9.75092301632309,-49.51289790003769,180.1886756036251,318.9159757839666
-5.497987826333407,-57.44464060071497,181.7704845102939,324.7037111427043
3.2683091113277154,-55.406985575752934,183.7913353042086,330.3531502359891
-4.155086313773699,-60.49552174665544,184.64763299959844,336.29173207485184
1.6016692287795964,-67.41359702980188,185.5873724401183,342.2176826132829
-6.173339767628337,-62.88047061354394,185.5721268355692,348.21766324421344
1.9755402507559667,-59.06003157516408,185.02412309633488,354.1925851601706
-2.4535597780469622,-51.2252965487029,186.1700032287139,360.0821487027618
5.97148953706173,-54.39050492067249,186.8040334189753,366.0485551352668
11.989504958862112,-61.08255172138844,189.08457374577677,371.5982520475164
12.050988440672288,-70.08234170679722,191.5181288547609,377.0825760287867
20.53856656153043,-67.08884581698379,192.70980542037032,382.9630442893063
23.877055385518123,-58.730945819250564,194.77879043403345,388.5950333707265
26.83853183469555,-50.23214253637789,196.3712089500412,394.3798586290965
29.153163447258958,-58.92941110174495,192.07340373994575,398.5666080097111
27.966412192722874,-67.85082474868773,188.0677967361409,403.0337225740658
23.380175106205257,-75.59462416410716,183.2383257189761,399.47335606282496
14.422213875331133,-76.46349157985938,181.04652474188535,393.8880173553853
8.640720388304088,-69.56607662500393,178.6491362411193,388.3877875077885
-0.2190711124079563,-67.98364350985801,175.90887552294907,383.0500940736867
1.631902732541935,-59.17603907815746,173.25038659900085,377.67120602491264
-7.029217426448195,-56.72961360585413,171.38056754294888,371.9699976707455
-7.942951106232081,-65.68310961369534,170.42723327208128,366.0462189976358
-11.839256023486593,-73.79598875687121,171.11188725819486,372.0070284157685
-8.901221039506186,-82.30292418820646,171.87791883564026,377.9579271396888
-5.72651216007701,-90.7243981406018,171.57966698145646,383.95050970745336
-14.68827295463078,-89.89563794537115,171.06381261175738,389.92829309841545
-6.503565628983585,-86.15256888462741,172.9099231614162,395.6372225811152
-14.134482907646095,-90.92426685141133,176.4476438835426,400.4833067830495
-17.43687063086829,-82.55203684229721,180.04392606783622,405.2860928964354
-14.126967373123966,-90.92129848382649,184.85421427664784,408.8723342921264
-23.12586024572216,-90.78013521841638,189.55839275266413,412.5966738128717
-23.564872835559893,-81.79084893162121,194.0504001104486,416.5743452293678
-14.817629194205965,-83.90880282129704,196.94701836612884,411.3198611746903
-14.616999207061031,-92.90656629942082,200.90214698518835,406.80799264749487
-8.416518212730168,-99.42991171714488,205.03441538377763,402.4577791030789
-0.4299663640076856,-95.28081668718144,208.58104627394536,397.6182120430096
7.494827254995746,-91.01494677634237,212.74175360726105,393.29519058961694
10.284152610234315,-99.57179573274115,216.79077706626475,388.8673910200296
1.2919825947003805,-99.9471334629684,220.89234975624933,384.4882242649525
-7.364247282078711,-102.41080639587908,225.96327376469108,381.2810869587854
-13.502823180554625,-95.82917392827271,231.7029687353839,379.5329732200935
-21.226246175822528,-100.44964330228296,237.4677961794383,377.8696138060529
-23.935113131372614,-109.032302553187,242.6663301562192,380.8654850469868
-31.07897739018077,-103.55825437549225,247.67019156372027,384.1762811770016
-22.07914386687978,-103.61299515432634,252.76756434800177,387.3412125661578
-22.526624911485694,-94.62412644270762,258.578184661115,388.8367698458484
-18.953463308165773,-102.88442402551661,263.6844479733571,391.9873372528483
-10.533441739103555,-99.70586511045357,264.81571331006324,397.8797254561125
-11.009929599620598,-108.69324288813598,262.3681490456659,403.35781172520734
-19.951471338992107,-107.66911822625303,260.21960966548835,408.9599344061048
-19.589518395499216,-116.66183695123807,257.56985946190315,414.34313269881153
-12.816022495272627,-110.73564481044367,257.75959199170245,420.3401320790963
-7.142387380726085,-103.74923911173249,258.29504200914647,426.31619209208304
-3.6760239938272132,-95.44355883435806,259.74665803804817,432.1379453421475
-11.64019952070581,-91.25167284150619,261.94814397256164,437.7194737779918
-4.693820347024301,-96.9742436252924,264.1229683459821,443.311444713608
-13.675835368052455,-97.54293173139654,266.7402735245554,448.7104921853583
-20.994616727266944,-92.30504671776612,269.71619687168004,453.9204710943404
-25.089253519728093,-84.29043820968394,272.4273033541872,459.2730313826985
-23.873725589001598,-75.37289976852074,275.38917661804487,464.49101056709975
-31.53934091767878,-80.08865438817061,277.7411973305792,470.010793041782
-39.50053286484089,-84.28620400436823,272.37494830955416,472.6947027728176
-46.831802164997896,-89.50659579508424,266.6645698265505,474.5363263990912
-55.659964957369716,-87.75629818856657,261.10515771812305,476.7930800428613
-54.86682013403113,-78.7913151272769,255.53651769962363,479.0269664196421
-59.820433537383956,-71.27721409986698,249.60433678903635,479.9265383423164
-64.78788797264382,-63.772255976491685,243.60556413780893,480.0478918708441
-70.44345826509684,-70.77329337584348,237.82305016471588,481.6486829724509
-61.75554159019128,-73.12278350135956,232.0495879174653,483.2818191209615
-66.45211305592629,-80.80016694021705,226.3195893129994,485.0614584082383
-62.91260268028045,-72.52539405507422,221.11754182185368,488.0512246030877
-64.26412523484339,-63.627451215040495,216.82793171210517,492.2463700244459
-56.66658472943981,-68.4521147544753,212.09858979712203,495.9387033045256
-65.0574296792029,-71.70691444555233,207.49583974666703,499.78768914147486
-74.0573549590041,-71.67024077659299,202.3700690628745,502.90641883434233
-70.73402442291012,-63.306301863146466,197.61956027753843,506.5714790358185
-63.833019277498295,-69.08350949166382,191.90276714269464,508.3930926758098
-55.01490193199204,-70.88373350019202,186.9460257523089,511.77402668712045
-58.04397654616022,-79.35867933965328,181.86388990838012,514.9633675694745
-57.9197842921398,-70.35953625355664,179.55769091202257,520.5024510847502
-49.264066397214286,-72.82500734920264,178.7734363658205,526.4509756755006
-57.92488106529004,-75.27251409796628,176.90519782047633,532.1527021454121
-66.32943796277327,-78.49174123455771,174.5932938824901,537.6894069579811
-74.87015430167145,-81.3300795545043,172.50361293667845,543.3137499013578
-81.94782059696665,-86.88945360312181,170.89146793622504,549.0931087323626
-77.18783503908239,-79.25122491521694,168.9754896077697,554.7789707641823
-70.09056478217953,-84.78555006833919,166.68235166867998,560.3234742038338
-76.88900429171454,-90.6831106008978,164.32668979931347,565.8417037348712
-70.11498024883821,-96.608699032989,162.1120465851478,571.4180246935275
-64.34582326949156,-103.51643583657781,158.85393642492494,576.4563496318232
-55.36461589341802,-104.09773960223035,156.21172612601296,581.8432527065335
-62.49696058074908,-98.60869057156027,154.5350122643436,587.604210146585
-61.14709781223234,-89.71049578238129,153.21024515340252,593.4561322326837
-53.018878828498956,-85.84629390457056,151.51063376502316,599.210375982169
-48.56664511633823,-78.02468186022196,151.01188554296547,605.1896109007012
-57.498577588135106,-76.91988218640768,149.72622879966107,611.0502496660915
-55.93497966840935,-85.7830171591715,148.13781095698914,616.8361747223881
-64.0325104085154,-81.8549138111119,146.15214252407566,622.4980755405348
-66.06642946798172,-90.62207830480878,143.33001768988416,627.7929420563443
-61.19103264060487,-83.05699365388759,140.6647315625471,633.1684652736158
-55.87353523313164,-75.79584902500743,138.8077155427574,638.8738567152475
-50.5709254881817,-83.06787280747415,136.41772613051907,644.3773056892445
-56.715874938588684,-76.49219061838208,133.61277388397642,649.6812893708385
-50.493981185324486,-69.98926526719653,130.62472481012588,654.8843233638335
-57.52672765862034,-64.3731743631651,128.26545992600555,660.401013422787
-50.70132613604377,-58.506838704884956,126.07220180984164,665.9857800997289
-45.19704394399856,-51.38624339618122,123.29512199845304,671.3044103483153
-38.94362807933203,-57.85886187895437,119.85828966818684,676.2225587329858
-47.32369243378056,-54.576405266095506,116.02305872186832,680.8367762818667
-51.87367311323137,-62.34156307625133,112.53032985322596,685.7153872573548
-60.0537259779033,-66.09479303605559,109.95219906074992,691.1332504539376
-51.95161481435256,-70.01344008490628,106.56392228735348,696.0849754570918
-44.6584607460854,-75.28694970720886,102.95562270990224,700.8787395480088
-52.89765225257525,-78.90851336388884,99.67187464316332,705.9003925262808
-44.22598331196262,-81.31728022359404,95.52353901692275,710.2352871653768
-36.57344863252365,-86.05423208950776,91.08208223862418,714.2693250539576
-44.95448551909594,-82.77425942103713,90.60776334070698,720.2505474694074
-38.85797751369165,-89.39487798277598,86.69670326400585,724.8006693443064
-34.79262748233705,-81.36537431675995,82.62287219196433,729.2056552008636
-43.53871874792324,-83.48808192122098,78.06323272027339,733.1056151863247
-52.27441589481396,-85.65316745251182,73.15715031533763,736.5596498468311
-60.10200627198465,-90.0948820862118,68.31866341978629,740.1077542085401
-52.098919015829985,-85.97777213257024,63.52588512263807,743.7173630785404
-50.62575318209876,-94.85638589972594,58.69017295742802,747.2692481914403
-52.63696821306392,-86.08398519642816,52.98728922857825,749.133951163825
-53.47202135789633,-77.12280858588727,53.88625225917375,755.0662243764833
-60.60777942801426,-71.63819768220901,53.578334107540826,761.0583180349548
-51.608592504463886,-71.75917170834516,53.53533586289768,767.058163962223
-52.51101289517424,-62.80452836321802,54.11671577334952,773.0299306522171
-47.265398955676055,-70.1177721303669,54.9651444088649,778.969641827892
-38.520642846973374,-67.98957087125,54.63414010431288,784.9605045496015
-33.117644740896914,-60.79182042644199,54.93670684143266,790.9528708075658
-25.518675735349063,-55.969407124709875,56.622386963496446,796.7112110654941
-25.371943568921182,-46.97060333357546,58.27784053467165,802.4783137586741
-28.039931325829382,-55.56605802364204,60.336351264049846,808.1141396588448
-20.744519270565853,-50.29567255918925,64.07559462104557,812.8064801321228
-19.867528266668867,-59.25284213328371,68.98293406538488,816.2587286136246
-28.788041643677907,-58.05934261899705,73.73731680128182,819.9187620561775
-27.40363735303329,-49.1664564305853,78.21990686230316,823.9070431827823
-35.25366614436878,-44.76451958696707,82.82642699514662,827.7515161330979
-42.73449656790536,-39.76080335057944,87.1721004759113,831.8885587964721
-39.174041296830765,-48.0265857250844,91.78464806460435,835.7257980048147
-43.475075094071485,-55.93234996865964,96.59404087872213,839.3132400962654
-36.439785927523246,-50.319444629795576,101.5404038978841,842.7093397536174
-27.467496587991782,-49.6137364693427,106.0463280900041,846.6712391938945
-18.555738620804945,-50.87094366558429,110.71406965898971,850.4411448485712
-26.0193267516726,-55.90034245796208,116.2021075371872,852.8663129350076
-32.53192171327849,-62.11211409462624,120.01576145897432,857.498379834874
-27.201395324753104,-69.36369932967894,123.38202155873913,862.4650983633122
-30.030114922341316,-60.81979241081447,127.81008260117126,866.5138358707945
-37.86295281262864,-65.2522466502262,131.46420056876548,871.2727666203332
-31.916938548778635,-58.496144639888286,136.10123463539276,875.0803793980376
-33.61069434792642,-67.33532963019441,140.63575685094224,879.0095152160882
-28.974137711690922,-75.049105784516,144.96842409008937,883.1601771626722
-35.76869559334065,-80.95113790853154,150.46742173668594,885.5603906704097
-43.29538714916872,-85.8855998065936,154.84218285488623,889.6666621128112
-39.65979057869128,-94.11860882983245,158.99558470132297,893.9967028865241
-34.0498185096959,-87.0809804377467,163.00256924464455,898.4625818447564
-41.388140153538956,-92.29145406799418,168.55122600364876,896.1795119442153
-49.27612196912467,-87.95789399837602,174.06479078759682,893.8129525485508
-56.07050478667124,-82.05566034249391,179.73654303339853,891.8556006480886
-48.44674103840886,-86.83877923195088,185.4215645562249,889.9371298286595
-57.34231152560024,-85.47172923015523,190.9854461093045,887.6914179007175
-50.48593428247246,-79.64162707839843,196.35159480579145,885.007307588679
-52.58554996821641,-70.88996358097248,202.2105655446467,886.3005445666679
-59.99890804288169,-75.99311183051363,207.48342036238597,883.4375038629678
-64.85227285268151,-83.57234992038761,212.8854690098034,880.8263986542611
-73.07585204926205,-79.91547349404131,218.29910077703556,878.2393943850697
-65.1012663747054,-75.74342563727414,223.6877496924162,875.6007464610816
-56.25088522817286,-77.3776696707958,224.43590111214417,869.6475734035299
-54.756201562963994,-68.50265300934905,229.02481961284116,865.7821074556833
-50.809507548125794,-60.41416697343107,233.01040286979716,861.2971184811292
-55.599260679179764,-52.794569546823915,236.77018172319404,856.621216111153
-46.60690929497974,-53.165536638458136,240.53255566178117,851.9474015720168
-47.96662199598464,-62.06223160741855,244.43756563170675,847.3920863101736
-44.03907219036592,-70.16003084698878,245.84497959792347,841.5594894676258
-35.942670236189045,-74.09046026327404,248.85267091524776,836.3677852253088
-34.458497716122594,-65.2136797697235,247.24337083428176,830.5876335621253
-29.27649627675011,-57.85522469529781,245.5517327887764,824.8310407570888
-31.930972790192,-49.25558781694154,244.14266959502828,818.9988421222664
-34.68403039348336,-40.68700136216621,242.6494101335053,813.1876308732606
-32.7364728774618,-31.900248849332606,242.72750922233516,807.1881391837652
-23.847185473762668,-33.30757590955551,242.64446968754348,801.1887138416461
-18.24915836990332,-26.260442269240755,242.57273479931143,795.1891426814872
-15.380859190772773,-34.79114328492515,243.26938699794744,789.2297236062639
-19.077562551551782,-42.99689640468234,242.6984301260653,783.2569513646284
-27.94306877864979,-44.5469929620897,238.6017678729013,778.8731906066147
-19.439559449828337,-41.59905654916519,234.9406064201908,774.1196764520984
-25.855259267618663,-47.91085469612813,231.201521864569,769.4272094371998
-17.733163958540146,-44.03379810765223,228.19672495783544,764.233829463687
-14.046787080653782,-52.24419551059105,224.36289291312653,759.6184495385928
-13.96969288900402,-43.24452571189212,219.4370173405479,756.1927014679559
-22.96956534924078,-43.29243917003886,213.456112353462,756.6710063241417
-15.784772429943535,-37.87222231950457,207.58340277887197,757.9003485273212
-12.439883415035132,-46.227562975512846,206.44714047935184,763.7917751785398
-13.352687554845234,-55.18115379720808,205.47682756409424,769.712796445727
-12.422822912301871,-46.22931869223953,203.0388155438397,775.195140596644
-11.455372759216495,-37.281467542310025,201.08829883748453,780.8692470970747
-8.50828288630205,-28.777664788190854,197.6540911457155,785.7892285533196
-16.461971566746712,-24.565914988574775,194.0987595226708,790.6224073261542
-19.95790185738012,-32.85919367694836,193.1849351274647,796.5524094319486
-28.332303696147065,-29.5623173003069,194.5855025286312,802.3866541092646
-32.061693604775456,-21.371367971357273,195.7760117675821,808.2673588078507
-23.100844777995917,-20.5328047336683,197.757372072236,813.9307686767496
-17.308254312580992,-13.644706614449634,199.56481803901943,819.6520569125544
-26.141904790632868,-11.9223189601704,200.28850369960875,825.6082536071455
-31.31314829021678,-19.288338283251953,205.33768339964857,822.3669908352144
-32.34844829486168,-10.34808359446473,209.03190312244467,817.6391223260758
-34.06820696305035,-1.5139209220214855,212.6667860259291,812.8654836428535
-26.299907526147727,3.0306938975884243,216.37869350651815,808.1514892797314
-34.397302318670484,-0.8976896852640741,220.6602108913057,803.9480848400228
-43.39720713344246,-0.939082016002323,220.65411655339517,797.9480879351032
-35.945564053843036,4.107997873820871,222.840090612482,792.3604661321356
-42.77942988971668,9.964471022165249,225.6579617452093,787.0633346178779
-48.43846046150002,2.9662303155575387,227.0331891670309,781.2230649718539
-56.535075593753135,6.896220570019956,228.5626373499589,775.4212731576176
-48.62810180487598,11.195030347389647,225.0529137089533,770.5548740819389
-56.82261574422167,7.473479420978878,222.0494593351942,765.360717574406
-57.387433599024696,-1.5087798043438543,218.91303614048607,760.2457542760335
-52.027254901184385,-8.738474426332985,220.61053759157156,754.4908877420849
-60.979216733587464,-9.667118249980183,223.2805516454369,749.117711311689
-63.01782285166318,-0.9010424406260409,226.10259229393577,743.8227999263852
-67.89393652810547,6.663580181449175,230.88240898791267,740.196044851669
-71.86217781312138,14.74151686750304,232.8857624834804,734.5403773604
-76.74366358692535,22.302673964148305,235.97112413650544,729.394452422156
-72.61410618675106,30.299345501648475,238.91164394770612,724.1644100475727
-70.28906988632424,38.99383836792292,243.5348602146477,720.3400314903314
-78.81393572076477,41.87943406115301,248.50435692946772,716.9778740875031
-70.92304575998288,46.20769648698062,252.91757794095545,712.9129656870882
-77.83243063249938,51.97487956743157,258.1384445570829,709.9561850431097
-86.70207014973664,53.50114783817,263.4721564830975,707.2081826613258
-80.06344934510352,47.424247821525675,268.8209543490984,704.4896607488403
-89.03557093943816,46.716410201393934,274.22441283010403,701.8814743206783
-82.61618659971099,40.40835941697049,280.14528154334874,700.9102309523511
-91.61597640934302,40.34685021080618,286.0987650851277,700.1645542678779
-83.17141644521863,37.23406897655489,292.056971752388,700.8715007370073
-74.3737998496757,39.13194732824856,298.0544822106167,700.6986762496306
-79.9844651841608,46.16902303513184,304.0527312198547,700.8436204567411
-82.33596624025682,37.48165042983979,310.00187382130383,700.0640678237372
-91.25233872960924,36.257599111014024,306.2978388218014,704.7842505238518
-96.5143164768507,43.55907774123238,302.6175682326445,709.5229854173215
-101.38857241246026,35.993257952592515,299.3455977535266,714.5523202822694
-110.3673599444275,35.37570272770218,296.2410152967697,719.6866720202396
-109.28230665606276,44.310055494489966,293.19805822941964,724.8577852742947
-101.84548632303577,39.241159822425296,289.92550418757025,729.886740438459
-110.84542481359121,39.27443392975012,287.0660656626133,735.1615495650523
-106.05954571079722,46.896465234687106,284.613785835093,740.6375265233253
-100.56045085452725,54.02106738229821,282.1542298059689,746.1102392089684
-94.99538077796335,61.09425584599213,278.2039879089804,750.6263867879649
-94.69730534121109,70.0893184379925,273.41212138329314,754.2372059747975
-97.1203197099559,61.421619702523216,267.8792359773682,756.5582357214622
-88.18141884982428,60.374694961800195,262.0528173284455,757.9910112542955
-89.64194281476681,69.25539705948528,256.0528302540773,757.978557041552
-81.83172046351825,73.72758073461057,250.05300432901456,757.9328528957378
-74.41945006308032,78.83230869120054,246.2113214162961,753.3240057081944
-71.25880497521516,87.25907097742609,241.94743652719504,749.1027161359789
-76.43070567114941,94.6246288783182,236.41335503157984,746.7845396975063
-76.56170138911048,103.62367550125974,231.09213422183865,744.0124269483604
-71.17549419353296,110.83399949164384,226.5388937000612,740.104998030153
-63.26435182292115,115.12513295401834,221.6686190878153,736.6006542682892
-54.76903198220489,112.15367862929243,215.9503978936528,734.7835284128155
-56.357487495762236,121.01239236670651,214.42783458725825,728.9799259989676
-50.40107513240892,114.26545589467038,213.3037356036229,723.0861664623908
-56.78536453600789,107.92188838016456,212.6459730050064,717.1223297473339
-54.61377968275005,116.65597214579795,213.10734083384568,711.1400944020376
-58.3298470807626,108.45897006616983,216.1842948212777,705.9891377763975
-64.67834963272811,114.8383521167831,220.10769953707427,701.4496559297475
-73.35792031693597,117.21848924263094,224.56712362515924,697.4354889174512
-64.43438294537778,118.38916459404304,228.0436836895742,692.5453426907504
-58.7481908085748,111.4129751626013,231.03875403534275,687.3463472470231
-50.72589919573921,107.33341179397625,234.0705737235296,682.1686962952572
-44.36748998269509,113.70291980319291,237.49558049198893,677.2423052596199
-38.24448998953908,120.29904526317402,243.1052634247652,675.1135832501225
-40.11010547422387,129.1035599495894,248.98259700976016,673.9065414402875
-42.20909972456021,120.35174738663682,254.91046961223785,674.834079260969
-50.054525064076564,124.76188357978032,260.8858656179557,674.291269372655
-53.357048332402584,116.38970703707861,266.81497281879723,673.3716565188254
-59.65092480236971,109.95642490578717,269.8773338874444,668.21201072815
-67.24513715217566,114.78632540021295,267.373106429188,662.759594306295
-71.88495148786697,107.07450830368421,264.4446232404107,657.5228027109525
-77.43389642589264,114.16035405946798,262.4590458729591,651.8608699563304
-84.30626162540138,119.97160147844616,264.0863519982877,646.0857617517624
-77.54945369737432,125.91681355403693,261.9455080353713,640.4806937658728
-70.86716126754422,119.88796889836411,265.6656467271157,635.7731925057365
-79.78145319646886,118.6488565524049,259.9958491538632,637.7361992500804
-87.33718765837992,123.53873147320698,254.32191663955075,639.6872220134094
-86.71477487201616,132.51718358497828,248.9104236545308,642.2786972058586
-79.39005656309686,127.28760408993455,243.05179516481655,643.5734837595071
-79.87410497032695,136.2745778375015,239.67359479338464,648.5320886288688
-86.91554596104497,141.87976371972127,236.56401652966468,653.6634162369835
-82.80097776839388,149.8841580495893,232.98735233390292,658.4808297785798
-75.87382128984261,155.6299828921741,229.3916945269708,663.2840833566712
-68.61453637072555,160.95001883783078,225.73845149388777,668.0436857918784
-61.7518144097128,166.7726511708768,219.8142592257486,668.9944465241975
-55.24755124304327,172.99314638096303,213.89112497162387,669.9517764608516
-46.33641871729823,174.25477909637922,207.89470305093903,669.7445950207315
-54.037341081664096,178.9126535835256,201.9167242448799,669.2310101744716
-62.5180072834497,175.8996317160492,195.9376956780759,668.7297942555888
-69.92836726023735,181.00713257404456,189.94383175322207,668.4585098101522
-74.95756138555008,173.54340653071208,183.97319753289003,669.0514069403525
-83.75775110665316,175.42931768254059,178.01555239058,669.7630700336135
-75.13193857620945,177.99746062825835,173.28960972562714,673.4597531316865
-67.47770458478469,182.7316661587056,169.8566268436745,678.3805892935821
-73.38076589795078,175.93800240981417,166.37551235431644,683.267494440194
-66.42237278931003,170.23004609028786,162.272557568789,687.6453663008036
-57.68452564533115,172.38643828292342,157.39605864582992,691.1410433817679
-49.07343579582314,169.76935372110665,152.32823435397654,694.3530765302426
-45.14010012145178,177.86434417648815,148.40776801350427,698.8950963092863
-42.36328747598831,186.4252618569704,144.33297649431333,703.2991937281827
-33.445504428041936,187.63899391544126,140.39752955760022,707.8282396992803
-24.69294885251287,185.54310009721604,136.2181564886747,712.1332182997776
-28.459934215300596,177.36937259524103,132.4003764774855,716.7618850393651
-28.802368638273567,186.3628557172557,128.57713277315435,721.3860398353567
-32.85793289644404,194.39730644819244,124.388507511486,725.6820168391724
-36.30787629348715,202.70982054184654,119.99430428567958,729.7674761781345
-31.028324717290765,195.42103908303727,115.50011589394153,733.7426831789795
-30.983454032483312,204.4209272279891,116.82272323444226,727.8902725796748
-39.97872242889504,204.7127259197544,118.58678150514068,722.1554579865445
-37.28910010908451,196.12401636727932,120.74810068329492,716.558253379766
-46.28909578163888,196.11519060939347,122.281708819453,710.7575597932447
-52.445537133807264,202.68011481895678,124.3137671672662,705.1121422824593
-61.25066754784809,204.54282209379437,126.76048142926416,699.6336763183289
-70.25062535290517,204.5703812518316,129.93092571827177,694.5397305971517
-63.70773884589935,210.75023854439434,132.9744534537752,689.3689531968741
-55.79967359699446,215.04704014780384,135.6289487609568,683.9880931667162
-48.58043164238934,209.67279177236856,138.80682635988367,678.8987814287462
-47.76748281809317,200.70958284871432,144.41909236012734,676.7768788997622
-40.49638532811309,206.01346268249685,149.8826297993667,674.2970082075627
-33.09778777365368,211.13798746311278,154.23996968712137,670.1722549903893
-27.08747547351606,204.4390214194002,159.02873880460243,666.557328941428
-30.15855985958157,195.97920814169342,163.1736532544459,662.2191629460472
-36.63793911796653,189.73279761836002,167.10300540368814,657.6848281891897
-40.67931527751547,181.69120084054103,171.09927229023018,653.209356038508
-37.25315148559744,173.36885732017674,175.0040505722713,648.6538421741783
-42.62278192590781,166.14617991256037,175.67553126819985,642.6915344267541
-47.53782485802969,158.60679313541473,177.85875282118204,637.1028365774698
-45.53778623877334,149.83183755025746,180.75476002538585,631.8480157172311
-37.978234891121346,144.94786545551608,184.57125788903608,627.2182917452482
-35.13764203391515,136.40789869799363,186.7181798590428,621.6155490191628
-26.929446184840074,140.099175022414,187.84722233059895,615.722734488107
-28.463581723746117,148.96745716430962,189.32181086902065,609.9067574728192
-34.54747098695724,155.59967334240454,189.13320936696525,603.9097224159414
-33.36953267935894,164.52225488271517,194.8858075276065,605.6148952523972
-26.089558205245886,159.2305659598606,200.59723559355777,607.4532612245213
-17.174976101549568,157.99354295423103,199.15804447968316,613.2780984701226
-12.020010364578553,165.37096311650012,197.63272617955585,619.0809774179636
-3.721075888239259,168.85344593159434,194.66846224927048,624.2975988678686
5.015845625284896,171.01358538693472,189.6902275057702,627.6468045705101
-0.9980243607005477,177.70935776894285,184.79546362058088,631.1168602628941
7.752041537741672,175.6030940691849,179.63309320798513,634.1746260687
1.5858965888261025,182.15890496250407,174.85514747482165,637.8038456226737
8.411575105872394,188.02491832610394,170.12333284330856,641.4930095242913
17.378052604694155,187.24885050489078,165.66485052160013,645.5082225182698
14.3399009424971,178.7771544245602,161.6713257104551,649.986141631292
19.289759174428852,171.2605791749018,160.9216157122789,644.033164651777
22.09276712270781,162.70820252031717,158.82843230053192,638.410124263803
29.858991049786802,158.16004180256925,156.98992387901222,632.698742050713
33.770538020501384,166.26558313525598,155.2234558824778,626.9646692558124
42.746138117678,165.60331212157462,153.57656503448098,621.1951155005568
33.95859961151955,167.54732009552484,158.7412475440808,624.2489744650529
37.3933868062902,175.8661082841157,163.89380770634605,627.3232424713004
31.282044310414378,182.47303592849792,169.22878536459874,630.0687867499353
22.32924355355825,183.39355676369712,174.3187894454044,633.2455553057765
31.03251608092758,185.68550949321354,177.62828308811217,638.2502782580364
40.02472083133606,186.0600141350147,180.21504495122767,643.6640258568381
42.65635660565136,177.45336013062118,181.6313541496587,649.4944690865111
51.451646985344865,179.36198977957625,182.70044952869776,655.3984537638725
53.02216756037244,188.22390069784973,182.6887927096332,661.3984424404092
45.802605498277885,182.8500823503835,180.0087077042877,666.7666026805774
37.86317970585719,178.6115073437752,177.75992627856058,672.3292443281496
28.893005898647097,177.87939951808184,179.46038107630702,678.0832388954759
36.51276949220842,173.089910737613,185.38834244314316,679.0102092473742
42.73886269152094,166.59100594730612,191.0904171508609,680.877384661631
35.28683579721513,161.54449277814246,196.6372266308533,683.1649389435371
43.31316020248509,157.4728694481465,202.3842100308496,684.8889406257192
52.07309887052648,155.40805116748527,208.2347454997456,686.2198180532796
55.189367051723096,146.96477735794545,214.1807840051408,687.0227041550133
49.211798232790784,153.69297704396308,220.12906208199152,687.808826232338
47.82087177406051,144.80110864714098,225.5532721331259,690.3735767701434
39.11938917293458,142.50236974454626,222.3873608665936,695.4703410233185
45.492673883101254,136.14774607330062,219.00432952109776,700.4256511967983
44.44344655388772,145.08637695345396,215.68944905665052,705.4268078136647
51.42742830862994,139.40975834292294,210.88861335337663,709.0256932731049
43.58219853401534,134.99927426705327,206.11332574268323,712.6584096445215
38.24893747886136,127.7497000369638,200.9051596950362,715.6375045440063
45.9891432042024,123.15740046818594,195.88947141473977,718.9303560552192
39.96837261944498,116.46783235314898,190.85792700489665,722.1989277389638
37.697397223683076,107.75906259204933,185.20806687790355,724.2186011148871
40.98121716189705,99.37953237768839,179.3170609146149,725.3570424794278
34.084289353529556,93.59745776677522,174.86054081790914,729.3744332530093
40.81053396063118,99.57722644837452,170.67287784199064,733.6713482859278
47.34440918040717,93.38784242309407,167.51459916677953,738.7728456945038
50.079539621707625,84.81351670796806,164.49390022451962,743.9569924806423
56.912308510390936,78.95576378437688,163.12403240402674,749.7985215744993
51.41645191141564,71.82866337512915,162.58764385149044,755.77449742123
42.41645496243117,71.83607406131165,162.977055986124,761.7618472681489
37.5038949296727,64.2950692261094,167.47439015850557,765.7334949541766
29.555639798200872,60.07307439368347,172.79189393513144,768.5127311056343
21.338459438989485,56.401842046883544,178.20186108437073,771.1073901283485
17.87950902565299,64.71061223494861,183.6670297259132,773.583663885327
10.542931422552813,59.497683204769096,189.08683593441515,776.1577075256492
10.192854747119007,50.504494319767474,194.65364559208865,778.3961512339505
16.417884394858113,57.00441784891523,200.07551823689528,780.9658393518935
14.908777345152295,48.13184235402494,205.67831201294632,783.1126280939553
23.896205687921555,47.65630919683474,202.5950889408116,788.259834665238
29.150116496999452,40.34902370834766,199.98135753471877,793.6606131403103
20.296159485788717,38.73426513703374,197.85837607317117,799.2724710959186
21.75878283887772,47.61462171360194,196.45535631779563,805.1061265164955
30.714444078349906,46.72235955267893,194.92618652010464,810.9079917105369
37.69335516158034,52.40521095777152,192.71940272566712,816.4874276394286
36.65906087959934,61.34558205399907,188.99808366596764,821.1939958643582
37.54125656747343,52.388923594043376,183.05616202435417,820.361189041064
30.206235260548493,47.17380495426569,177.1754606987693,819.1706631407727
36.90174037033953,53.18797250470537,171.26469594738245,818.1397120974334
41.57099251761112,60.88200164327765,165.4726625279207,816.573714374626
32.57489533741197,61.147021499915674,159.75133472801684,814.766393648787
32.18274538640559,70.13847401972166,153.8744669036934,815.9757011264086
41.04113628910508,68.54821912978409,148.27428973058556,818.1293063896363
49.923380629096116,67.09710387430067,142.44042148559998,819.5314409410074
41.209339352170566,69.34776702635992,136.44268293549737,819.6961597456802
35.361037598396194,62.506906949089,130.64146373033756,818.1645410811018
43.855191304262505,59.53212076834977,124.67985115474052,817.4869161859842
52.24486039112402,56.27429133558939,118.7947430917118,816.3183687601285
43.712676509400666,59.1381764953784,112.80233058558896,816.620018153402
47.35744532265304,67.36712905921922,106.86228322849098,817.46608989707
40.68291969908445,73.40457120803737,100.86235003748068,817.4944042646732
47.53386088946307,67.56808212589448,94.9728163071916,818.6404376148805
44.265044137818236,75.95347639475062,100.724558845146,816.9323808895093
35.62547167382686,73.43201101933072,106.11737273667217,819.5625060445851
27.636338452725333,69.28788863027276,111.67762707765112,821.8171837740233
21.656048980431294,62.562107052822554,117.57246084668992,822.9356357557372
28.478913353120934,68.4313933596815,122.43761311770018,826.4470875039295
37.47765610318178,68.58182247330956,127.82281199958828,829.0927694580788
44.73814038228088,73.90022148362782,133.67739272447454,830.4057372930961
53.663929445269886,72.74683967215978,139.4702093010744,831.968835533729
58.80181939773014,80.13616216048085,145.23363341968454,830.3006201912079
57.337394971632136,71.25610241404631,151.20912998917072,830.842321906231
56.15455949605421,62.33416875380685,145.3365402732926,829.6124072632731
64.56626151305989,65.53467952196594,139.3365537031823,829.5997124416638
60.01674414371746,73.30010878930533,133.33656336631367,829.6104807972905
65.63915317955718,66.27241239335115,137.64801694152345,833.7831739406705
57.24015992265664,63.038697459944274,142.25924520391067,837.6219984889094
58.767101081980165,54.16917375819099,147.0505524798169,841.233559728574
58.83062495186349,45.16939794331902,150.46288419359547,846.168738780558
56.26360653046207,36.54325069068153,153.6281661946868,851.2658938550645
61.32554103047587,29.101690429716797,156.1223958895124,856.7228910356988
67.68994707549774,22.73817444450166,158.74696401660708,862.1184115987436
62.87427527295128,15.134931380508613,160.27977360470445,867.9193162494543
56.503729773440966,8.777561638337847,162.33642903321388,873.5558194605225
47.62323897950865,10.239369853830853,164.53081264780593,879.1401439990866
56.61012243428622,10.725091760115351,165.96208632765217,884.9669317636598
65.55885089501749,11.684393035053418,166.98953879479865,890.8783056672252
68.61830894917821,3.220368199620186,168.5906413837145,896.6607334012973
71.83735085926365,-5.18425964348584,167.81660981592748,902.6105968562068
68.20213264951153,-13.41743573582627,166.454807281276,908.454011427895
59.31626326691594,-11.98868617223932,165.89278232733727,914.4276307621972
53.83815783210381,-19.129439693057787,168.49170182811915,919.8355524913328
45.25765429449093,-16.413752111429062,171.0344844764535,925.2700953795
37.62445369222784,-21.181796633621556,173.65071483588488,930.6696637609904
41.198442538032275,-29.441736326504607,175.1276226377172,936.4850522557416
35.29431836542622,-36.23447640356102,170.24929091623187,939.9781711508195
26.29597299422648,-36.407046912651374,165.3399056144851,943.4275096321796
25.481699615148617,-45.37013560261337,159.76287159450493,945.640356563168
22.170023941150074,-53.73869606605305,154.910858658155,949.1699415905462
18.933241816689808,-45.34088435830597,150.5234206151914,953.2626653069916
15.928977611201063,-53.82465690261776,146.49249003410597,957.7069423742402
22.798552133933054,-48.01011084323952,141.99996195052543,961.6840256545148
21.344564656058374,-56.89188546401115,137.83666278552295,966.0045510927793
15.762174565740034,-63.95141242263346,134.00506271723614,970.6217841296428
7.356121032971444,-67.16672951496327,130.65933450747292,965.6412115976544
1.1160327529441672,-60.68126127762946,127.36710810224344,960.625112984518
-6.597105465184456,-65.31887907430514,124.2032156845986,955.5270952550894
-5.98366914185185,-74.29794895248382,120.91137017634776,950.5107466677392
-0.12397004499629904,-81.12904890009912,115.65263955956458,947.621845094458
7.348460328103793,-86.14530091920369,110.63369591008734,944.3339575289576
12.890461088523814,-93.23657919406384,105.43430890298998,941.3395669815462
17.492575833182933,-85.50220527777361,101.7486530666357,936.6050193731736
25.219765762406574,-80.88803841931431,97.36119304606468,932.5123192170552
34.21700425657792,-81.11097221890682,93.9129812258666,927.6021425152402
42.61042973388723,-77.86283294282052,90.38738913815486,922.7472274355436
34.00776011682245,-80.50746438399149,86.47135569461973,918.2013851517512
38.71811426115807,-72.83852939698451,82.05570473354987,914.1391165011077
30.069505456732642,-70.34823508746717,77.5791616543166,910.1440492851812
21.70101336004844,-67.03638665679685,72.81614645826552,906.4952568490202
26.97832948118105,-59.745986492359144,72.1138528228762,900.5364999610701
35.035051106079806,-55.734847419865126,68.78775911950311,905.5302060673986
26.429769288167044,-58.37096669529626,67.23538242030426,911.325905040239
26.79899380517044,-67.36338979788897,64.46199001196518,916.6464590103972
22.6930836421011,-75.37222877322138,63.03028747872674,922.473141416048
31.38265089781612,-73.02885067560145,59.82659106974666,927.5462400075488
24.390051517139526,-67.36285086079728,56.99801086256596,932.8376608008278
18.559340384054643,-74.21871022943368,51.03281961534803,932.1922978145058
15.93626811681635,-82.82797801948672,45.04371947160263,931.8308016621212
11.952191575408264,-90.89811643912992,39.17265758938313,930.5936143783404
7.5109456873260525,-98.72597278436214,33.25896753231045,931.6076508219062
12.192601467614576,-91.03948469454566,31.770009454567965,925.7953359781692
15.85130626792436,-99.2622506029362,28.791314992557005,920.586940898878
13.234465195112877,-107.87341444992265,22.875416283541355,919.5858702397
6.009488531306811,-113.23995078236811,17.005395300684853,918.343753634536
-1.2233124196894938,-118.59593719042279,11.671133393940494,915.5968189956602
-10.222473761854783,-118.71879946159393,6.240537918734844,913.0456167722612
-1.535868301413915,-121.07313282257712,0.6660050212019737,910.82647662925
3.9703918974014574,-128.1921986758293,-4.988720527441131,908.8204659190288
-3.978018602369935,-132.41390100156514,-10.457410921290656,906.3519794644948
-12.801994214032867,-134.18518708934917,-16.030079927524394,904.1281628922565
-7.792954503638418,-126.7079201301126,-21.79005671678867,902.4480833146362
-16.698501162056118,-125.40744378863427,-27.629830238696137,901.0707506704182
-17.977544693282894,-134.31609394706044,-33.379993131141944,899.3573836022337
-8.99619642626693,-134.89521682397762,-34.824707345164136,893.5339137740468
-13.035092197863474,-126.85237398414921,-35.562580527071376,887.5794580333916
-20.725076698292014,-122.17646355053648,-35.84884477348483,881.5862908589148
-28.884303011300815,-125.97475605811199,-34.473725935039255,875.7459956454729
-37.87168755677875,-125.49839586697108,-32.8349150030134,869.9741416340593
-36.18551314110344,-116.65776150964572,-31.035111812572747,864.2504445355329
-40.645678721490626,-108.84066978730237,-28.17188638325265,858.9776900238099
-40.47754069335243,-99.84224050194966,-24.957436234201783,853.9113984570654
-47.045725446783145,-93.68927787856246,-22.378909880071188,848.49372350917
-43.00135913933931,-101.72937123443916,-20.948064403255515,842.6668305788446
-34.27405563272828,-99.53069583695675,-19.459602561757027,836.854388635358
-38.28200658072228,-91.47238775160326,-16.83772617012731,831.4575595490319
-38.72980395782563,-82.4835347931297,-14.833332589967018,825.8022605847143
-42.949230564343125,-90.43315359607944,-13.518428591799491,819.9481144065255
-43.22919449206117,-99.42879810879649,-11.804391441719805,814.198151219848
-38.81642377842097,-91.58485429022926,-10.526579884733152,808.3357969466202
-47.788580338395064,-92.29224856735718,-9.962972569816555,802.3623266993877
-54.894240615906625,-86.76869970629023,-7.435445248677019,796.9206720208094
-63.51566847894114,-84.18587536025125,-2.4529248302106064,793.5778453307812
-60.2889671038198,-92.58756556138277,3.3824415776764205,792.1819589150211
-55.73804601187892,-100.35217226197793,9.210531958670929,790.7559987083677
-61.43756974132991,-93.38687045534925,14.69344992293878,788.3192774282232
-61.609265787182515,-84.38850835617598,20.341217970174945,786.2937611768399
-63.66240507625271,-75.62582503086541,25.871723756397863,783.9670670094524
-70.29471945797596,-69.54204282388376,31.818393657580145,783.1688708641518
-62.310259713262695,-73.69516244472939,37.78816846707508,782.5673821078816
-56.98782884415635,-66.43763327540576,43.73411206820572,781.7637934742054
-61.97634454557566,-58.94665796529476,49.68672652820918,781.0112105282402
-69.23947693714842,-64.26143997987315,52.91517155686837,775.9538255619829
-76.57370888451678,-69.47766866947265,56.73216771032203,771.3245123986162
-85.57220714537196,-69.31326353151832,59.65151104334109,766.082620134943
-86.87181299296662,-60.40758979839193,62.40072812213516,760.7495342127337
-82.12007540473533,-52.76422732546228,67.45280930362131,757.5127957716987
-73.13183025169775,-52.30439141027536,72.43145330134381,754.1641984617879
-64.90691640480289,-55.95826500020107,76.58925062959698,749.8383781491569
-61.35956542575635,-64.22967969367745,80.56517393260876,745.3448234439633
-52.56072648397535,-66.12188297995449,85.63617050125606,742.1378008683073
-59.92145458895932,-60.94311075436873,90.46393929470288,738.5751265249213
-61.73849077408449,-69.75777918272979,96.0354213092476,736.348337769425
-67.36108398815695,-76.78532822553737,101.65971222735988,734.2585168037824
-58.58783360848376,-74.77782286425845,107.34082703104806,732.3285078433589
-53.8149895016889,-67.14762239951095,113.04651600062964,730.4724061806273
-50.53692820595916,-75.52940706278154,118.8351634732694,728.8939384307188
-52.272775505189706,-84.36042252838647,124.47338216005336,726.841990565884
-50.44391578611237,-93.17264541072073,130.1506691707481,724.9007507048166
-43.4861132194988,-87.46396925560167,136.1122250816093,724.2226274699427
-48.35098751374528,-79.89211359789272,134.13861668800007,718.5565115243699
-44.16253254992594,-87.85809407841465,136.53903231996762,713.0576021057846
-36.287660380167644,-83.50075678254626,137.00614828781573,707.0758128523437
-33.37653621672151,-74.98457476799307,136.89241334920115,701.0768909188845
-26.257170079361327,-80.4904467064065,136.6211633776633,695.0830254338289
-32.56547452831851,-74.07131164167494,134.49715474064638,689.4715561690215
-41.499065064193765,-75.16262284262518,133.39022463111996,683.5745479671767
-48.7894758033051,-80.43992435524027,132.14426840179885,677.7053407741552
-57.00919564402449,-76.77438132042491,129.50051972627847,672.3191925269673
-54.06361976187411,-68.27005402648253,123.72906897403956,673.9594230639592
-47.45048462591945,-62.165429249020654,117.7443755863014,674.3877279259012
-39.11515748054596,-65.55988375300198,111.75396936992064,674.7268936121767
-46.51211056744194,-70.68678194101581,117.6908165433792,673.8586507665414
-55.50198332154793,-71.11361664553506,122.9649531544328,670.9979719995449
-47.84203046557033,-66.38866984750655,120.75874897883703,665.4183068540739
-46.94516472510684,-57.433468462636284,118.3691523553668,659.9146873198855
-55.92824036738785,-57.98514953450391,116.2910871790928,654.2860422677297
-59.58622799360428,-66.20823451074287,114.80510117103532,648.4729668696416
-55.750382384828704,-58.0665953351446,108.80773437944852,648.2952267020598
-64.34152894383199,-55.38476745071103,102.8271652058074,647.8127410967893
-73.18985901015247,-53.7394543992074,98.2004701532577,651.6329103195741
-81.35561811023913,-49.95522682685512,102.09798617470484,656.1946390338405
-78.17416017701568,-58.374153446034605,106.01672290995116,660.738151155518
-75.2637891467864,-66.89059287025418,110.28263353319444,664.9573935702768
-66.27030446007903,-66.54819954385945,114.58214797831484,669.1423876606193
-74.93994215269883,-64.13213202023654,118.85495680498327,673.3546441498117
-77.4270019468803,-72.78167152128314,123.07673151572224,677.6180486921658
-71.51120493711188,-79.56424815109092,127.09430598624962,682.0744031858934
-67.01522899439453,-87.36079869107374,132.53522356863928,679.5452895345043
-58.09527588505717,-88.55847833405933,138.3767331048805,678.1753383171235
-66.54006422982401,-91.67063993206311,144.17133847831488,676.6188844738743
-61.456003212553114,-84.2441788924652,149.99440531225898,675.1725468067232
-60.60299866907879,-75.28469323486121,155.89709923041596,674.0963477040696
-52.888715965242596,-79.9204070272877,161.84643303811512,673.3182556500248
-61.47206648871453,-77.21373124485393,167.84329130071598,673.1241140051475
-61.431830163478544,-68.21382118762942,173.82996990398917,672.7245150798351
-65.47890527257724,-60.17509099802154,179.80473230783102,672.1747749433725
-64.65371800225952,-51.213000507019736,185.79956045187896,671.925705629063
-55.85864528520482,-49.30336810738902,191.79630167903423,671.7279819467785
-64.83673544075782,-48.67575583953436,197.796158440009,671.7694409359731
-69.89384035472528,-56.12059901378091,203.5847719644879,670.1908486946961
-78.210479130902,-59.56058730832393,209.56409547680155,670.6885336704521
-83.02862094252461,-67.16226537853272,215.55394663721444,670.339702656779
-91.40144805537363,-70.46313892023946,221.5471952895748,670.0551493384351
-97.74846701604193,-64.08228080295488,227.2460945887593,671.931994238195
-105.67939461693975,-59.82782579798463,233.0338962459398,673.5135605432033
-114.66052701644365,-60.41028680318619,238.83057938267063,675.0622582581691
-122.98531211974888,-56.99005976630888,244.7655489321176,675.9432443234039
-123.82704784492456,-65.95061114270098,250.62945073441492,677.2139353373855
-132.62414935847187,-64.05034669785569,256.42974739480513,678.7490440147976
-140.09080437956854,-69.07519125226044,262.130416457003,680.6205066094813
-135.12006124428183,-76.57797158244466,267.27978363541524,683.7001198419977
-128.91171843571973,-83.09383526820226,272.45742434707483,686.7319570178639
-136.79371612892953,-87.43826991084966,276.9634420147684,690.6937501445218
-128.28048441281513,-84.51852921213292,281.6684876088908,694.4169941544181
-120.1888077374324,-80.57838091783404,287.62254376278446,695.1580847806446
-112.4999656412723,-75.900592207309,293.62150326533657,695.269820570523
-109.5326414574833,-84.39735554332704,299.5826611553848,694.5882073298096
-115.29976671262828,-77.4879224051117,305.555933459466,694.0225060117131
-111.44664081010633,-85.62139772500502,311.49617618078,693.1778070050395
-104.1405562332416,-90.87697839279983,317.4920490768609,692.9553025915056
-108.47404536509502,-98.76499918030461,323.48429286563174,692.6503200084987
-114.6155558255636,-105.34389340836105,329.34336576285136,691.3575459427524
-110.01470378342098,-113.07901851958655,335.33701159762705,691.6336068187844
-117.27098083810658,-118.40315631885909,341.33282126947347,691.857808466844
-126.27072960896678,-118.33591004461574,347.33093249927526,692.008346418621
-119.96709340844806,-111.91219066628754,353.3001480861907,692.6153598261548
-125.14636005850758,-119.2725708852423,359.2672552809742,693.2427605959682
-130.65578562729294,-126.38918734968757,365.245621083415,692.733700351787
-121.81008439592887,-124.72979899085072,371.2378693788173,692.4288063271684
-114.25357751126437,-129.61848017313469,377.1539359471191,691.4287281505132
-106.20324838303588,-133.64243356839106,383.1179375099543,690.7724619251907
-114.2727933544922,-137.62771197192117,388.38232743909873,687.8938861186638
-120.095325858058,-130.76490531247646,393.49154038330687,684.7481043254149
-128.5042640846288,-133.97267056288297,398.3710574141913,681.2566413733978
-119.5132001088489,-133.57171098458085,403.66258858228304,678.4282676539057
-123.61818183052733,-125.56239609099069,408.80855217040806,675.3429704640564
-127.49008826480224,-117.43784437632853,408.0698088329561,681.2973183109134
-135.3714468611926,-113.09225043819957,406.8349174775624,687.1688635368632
-128.68414251646135,-107.0689655702112,404.247312532825,692.5822082192173
-121.05585128253979,-102.29307059120728,400.6264592659137,697.3664972593461
-126.69540282456185,-109.3070180108046,404.9272184581818,701.55021216002
-117.94773225860905,-111.42320790529949,409.4714763068569,705.4680841085088
-118.08917404043049,-102.42431940602613,414.3728291610242,708.9288268321083
-113.59542013779988,-94.62648792140226,420.1138387243643,710.6726184462748
-110.9045224031467,-103.2147979636421,417.982546868746,716.2813255188696
-109.95472034730199,-94.26505628833591,416.0396853769837,721.9580577852203
-101.46708773295714,-91.27171491055942,414.14463436256057,727.6509289108241
-99.29420390347202,-100.00547560475991,415.1860041714031,733.5598669644197
-108.04730418726687,-97.91185782163193,419.3633812708325,737.866782399991
-115.42050687190365,-103.07285405988517,423.3839375567563,742.3204468632975
-113.74283945587104,-94.23060140339646,427.2350131542292,746.9214485740719
-109.53764503077062,-86.27344488570098,431.01875385270495,751.5779822984958
-104.9230217079854,-78.54652754507892,433.729366880991,756.9307924960357
-97.18119245627449,-83.13608959797159,436.51567457120007,762.24459428529
-104.47215949136029,-88.41262252152009,441.0771128723696,766.1424501862467
-105.9860889733802,-97.28437643624689,446.0940170083844,769.433448954104
-114.06889972993267,-93.32607247195118,450.37135654815535,773.6411046507493
-105.685754807488,-90.05149139809008,454.6193137638609,777.8784221386815
-96.68773928990232,-89.86250265428049,457.55551330270254,783.110891179976
-105.66759622874449,-90.46430773728281,462.0006083715159,787.1409196946655
-96.67027439708374,-90.24476307777044,466.3912914068869,791.230161981802
-105.66988911464418,-90.32803933770636,470.9295197097173,795.155016612408
-103.16367555217535,-98.97204845265392,475.3497917569572,799.2122564412066
-94.914949941578,-102.57184369698028,479.9052257689939,803.1171278810851
-89.70163062779285,-109.90814397249477,484.94853777668885,806.3675130879552
-92.28870756452618,-118.5282966929181,490.10255546229126,809.4393369267353
-95.29054602105025,-127.01292785054261,493.53429344116944,814.3610413514571
-96.02713371365547,-118.04312079737241,495.7138505829989,819.9511693164951
-92.74429799039312,-126.42303664504486,498.1211201435431,825.4470817305422
-99.12282506577934,-132.7723982152001,500.6170095600777,830.9033199970066
-105.40634550010954,-126.32900074559184,502.9075898274614,836.4488805672892
-114.20806390273191,-128.2077644776609,507.0473582828871,840.7919574875684
-119.58828244182648,-120.99297075423524,511.0417254637301,845.2691252110968
-115.47739301784051,-128.99925504495087,513.7003514581079,850.6479455113131
-108.19256069316125,-134.2842543828229,516.6296017442485,855.8843080618958
-108.24856900762202,-125.28442865847074,519.9106121852004,860.9077501573483
-107.16801702985191,-116.34953037011086,522.6883389212402,866.2260425693815
-98.34529723148779,-118.12706106170329,528.3877127393866,864.3506391245127
-97.04946930329433,-109.2208368347644,534.233332726625,862.998334807874
-95.72762998675188,-100.31843598885536,540.2327825917276,862.9170863240736
-87.48468963491797,-103.9314588722741,546.2305991006339,862.7552310631396
-80.1013189251854,-109.07789812312149,552.2291449239672,862.6231401650043
-74.88332644015371,-101.74492093604718,558.2243980217851,862.384518512374
-79.59361441520005,-109.4138965646519,564.1804581471175,863.1093273033148
-85.60430356548027,-102.71526865001871,561.2385719743564,868.3386012248566
-76.65888362121781,-101.72559091419211,557.6444349255274,873.1429928485936
-83.0031285516172,-95.34197467705026,553.1062108580276,877.0678523764194
-74.17370954180116,-93.59802515108954,548.8853549900763,881.3321665934983
-82.50542604549636,-97.001332381131,544.9983937591735,885.9028921802579
-91.373988399229,-98.53384723520436,541.3264870469368,890.6481109419833
-97.46750064125435,-91.91047131681601,535.5418652714387,889.0549534122852
-105.88262295951597,-95.10197822871429,530.093024112347,891.5669506302352
-100.66337433486073,-102.43406141114163,524.5978030951326,893.9757980666587
-107.685447871948,-96.8046313121229,518.7632709858656,895.3751675910992
-102.09004565295776,-89.75541334076478,513.0221536099896,897.1186042192603
-96.49857100578335,-82.70307959440781,507.2199608497637,898.6465306485044
-88.87334626720691,-77.9222901526732,501.4253532455738,900.2029761867308
-93.91057490743606,-70.46398420386319,495.9479182326045,902.6519975583602
-98.91435609257564,-62.98319722312096,489.9759630755474,903.2314383250476
-90.02951958954091,-61.548038585777746,483.9845812647671,903.5529099372474
-87.7811160762432,-52.833414001701286,478.001070755345,903.9974343838588
-87.63068824164974,-61.83215677314324,472.0213719182407,904.4905893468608
-81.19689643695432,-55.53880130774695,474.3668395941768,898.968019167937
-90.13197327432052,-56.61787586974966,471.5028390395875,904.240352695258
-98.25658325985009,-52.74609170956814,469.4927374700069,909.8936253474452
-106.64464264037201,-49.48411993948221,467.3692797617384,915.5053031144946
-114.13478714220324,-44.494356884818515,464.5767552681479,920.8158404651492
-121.68685497542869,-49.389892753583105,460.7172792634381,925.4097979060784
-125.44448637448635,-41.21186082231655,459.7179800650185,931.325996103573
-132.91293793280312,-36.18968685867542,460.7830481859653,937.2307086196691
-140.39404593313307,-41.1929880776106,460.7035646205939,943.230182126806
-149.3929253449926,-41.05096930839192,460.84876714588944,949.2284248883692
-157.536624101834,-37.219498238708795,458.9492688758688,954.9198136751407
-162.0414997993262,-45.010909853438406,455.1521906554276,959.5654779966184
-162.41492535016204,-54.00315948064417,451.2176902264474,964.0953462479426
-165.36237216360584,-45.499480436729165,448.3422341535283,969.3614408514144
-165.75594649163148,-36.508090152222636,450.25791212683913,975.0474040857812
-171.1691807713166,-43.69814541162373,452.4703991389164,980.624580900388
-162.19244690608113,-44.34486723183225,454.74180706977256,986.1780218167607
-157.6234969176202,-36.59085562473866,457.803640989508,991.337980445273
-149.04514143581366,-39.31332090968887,460.05345853197394,996.9002031148192
-146.98277032645547,-30.55280577601757,456.0612907900373,1001.379332128393
-151.8889833513554,-23.007670008233042,455.2608411754417,1007.3256991213136
-148.28459542363865,-14.760950195693695,455.27970874708393,1013.325669455802
-156.82161005339347,-11.911497404129776,456.2559846989399,1019.2457104409494
-159.92532163785967,-3.463599772147628,458.7904294029767,1024.684146800987
-151.088865887303,-5.171537056843237,462.36831941850096,1019.8676436050148
-159.3864328421622,-8.657276953856197,467.3053076670042,1016.4579299756696
-154.45810227486248,-16.187984611136393,470.01822441774806,1011.1062869846312
-146.86037466820378,-21.01235350406067,475.3303993113,1008.3168788215404
-139.98743604608816,-26.822922727177353,480.33903291356177,1005.0133065976752
-147.15467074827296,-21.37950957697487,485.5860432773157,1002.1031721948236
-151.75433560984803,-29.11534069982075,491.1130180582834,999.7681026518452
-159.2370062932741,-24.1143768483822,496.5582413511552,997.2482726395694
-152.22842873304336,-29.760600416593892,502.2775083104565,995.4344409361734
-143.90814534129007,-26.329436724650076,507.4901286601386,992.463146758533
-139.76261649968387,-18.341033215599573,513.4510319795845,991.7793108014364
-146.34164047057854,-12.199661740888661,519.3347820704233,990.603944956878
-151.15528019029614,-4.595131995483207,525.2628019733319,989.6773490197404
-146.81350941635097,-12.478597384924253,530.9480619240784,987.7595848808436
-155.03183493881897,-16.147265482033948,536.4853084778578,985.4489787693096
-163.94843078467363,-17.36968869912653,542.0424949181597,983.1867500302728
-162.74778186170383,-8.450134777333648,547.3064172691667,980.3073192735832
-153.8091537544915,-9.49938572965764,552.1760485562068,976.8020816028568
-160.16335570360278,-3.1256805599851614,556.0176567159224,981.4109910993868
-160.94941043249204,5.83992694665878,558.403347676864,986.916304772456
-169.60841246806288,3.3860150191479956,562.1440420986881,991.6074885508358
-174.83523981823691,10.71269747790598,565.5268781449571,996.562932051075
-166.28037300502595,13.508096162927709,567.2757149661198,1002.3024067459356
-157.82758813202318,10.41771950453561,565.6285576748165,1008.0718844396014
-148.89964063905825,11.554272874536487,567.4827709786917,1013.778187360384
-140.111992732413,9.610759491811013,572.2822811330249,1017.3788403953836
-131.43538437735293,12.001673010301676,569.7172029889837,1022.8028955310698
-123.76903755415232,16.716238354678737,563.7444287661181,1023.3738316769492
-117.70982276712007,23.37100477917548,557.7488021501407,1023.6028763926366
-109.94973376371138,18.812384520898323,553.3266867993383,1027.658107067234
-118.40131061227208,21.906063362160296,549.2641008728756,1032.0734661228612
-127.28932457285579,23.321410611590135,545.3290074383809,1036.6028192402275
-135.806795606224,26.2287611573161,541.6752012700332,1041.3619893868124
-137.73843153547287,17.43849479975706,537.1250455040076,1045.2730100342785
-142.51567220277929,9.811046235090556,533.7379490841419,1050.2255425018682
-135.22182474616727,15.083596782944422,528.2031139741703,1052.5419190484222
-127.91498721959373,9.829062991992455,522.8942751273272,1055.3376712009297
-120.18069191882213,14.43130985634707,518.4258428176621,1059.3418081483806
-113.82629101627577,20.8048166751806,513.6752770225685,1063.0067944548332
-106.35190514526127,25.81815447061969,509.3090149927125,1067.1221019629834
-115.29134733074746,24.775862087288903,505.5404624042098,1071.7909360131173
-111.34005256450752,32.86210161319242,501.1759474353802,1075.9080963314511
-120.19613252772886,34.465176060942376,496.4538165012745,1079.6096472822232
-121.41936244424917,43.38166127493388,491.0995328982763,1082.3173487241595
-125.51862974909872,51.39390238235139,488.7153668319626,1087.8233229493298
-122.0457893476563,59.696876520942254,485.6123884737054,1092.958644293529
-113.27555943220295,57.67621642332894,482.59371217222457,1098.1439691036906
-105.24216214143357,61.73386697120249,479.773504188486,1103.4398568412146
-97.57031745224647,57.028253401752565,477.1663164233564,1108.8437972514484
-105.794544552852,60.68367247453546,475.9608138951978,1114.721446752278
-105.56049861492403,51.68671618371472,474.978305569973,1120.6404565842402
-110.93118061050659,44.46482066367811,474.26432865956696,1126.5978248766498
-112.83176088434905,53.26185394897835,474.212607193072,1132.597601946667
-119.5135605923711,59.291244686181884,469.1144254097763,1129.4339738862795
-115.08364536176454,51.45697056220337,464.11828133401696,1126.111543394267
-124.0827683204513,51.331328314387406,458.9559486100288,1123.0537139603646
-123.94627931067497,60.330293296551176,453.3355859122224,1120.953351338076
-132.88072480785817,59.246003825117384,447.4485283281017,1119.79466544395
-132.00053320431323,68.20285945312928,441.553227240814,1118.678679292502
-136.2482167779528,76.1374157897011,435.78046589914334,1117.0430673299286
-145.0348380208042,74.18926612022696,430.1166250478255,1115.0629393515032
-153.0570349384684,70.10951654283642,424.8920007559401,1112.1128035904508
-144.194368090506,71.67576567436927,419.8768440015886,1108.8191425985935
-153.07470785092897,70.2130402252674,417.1123998922988,1103.4939337983103
-161.59803062599732,67.32288990530124,412.2149973830408,1100.027603078037
-152.6018189750378,67.5839951161633,407.24129743824966,1096.6716667170217
-158.0736319131302,60.438418640432054,413.14001506664033,1097.7694510038982
-150.18164505804708,64.76468070822159,418.92427695891024,1099.363914663451
-141.18453161014844,64.53675614692861,424.683663795297,1101.046015513238
-135.9886590682338,71.8854232728894,430.2575468433041,1103.2667873986732
-133.62355598745282,80.56910264382887,435.7977522309853,1105.5702900060753
-133.56307842717385,71.56930584252818,441.6186056749411,1107.0255099839435
-136.35447762154266,63.013133185453256,447.30664462763895,1108.9350159076298
-144.30476757288395,67.23129507063511,452.65823649001993,1106.2219983001496
-153.10157386944772,65.32966445962379,457.81512114768185,1103.1549898835372
-144.8507062534821,68.92454743182316,463.3179755002853,1100.7636316974776
-152.74466159032792,73.24721664654251,460.8742455660904,1095.2838338901931
-161.3542669746385,75.86918062921836,466.8176610201522,1094.4617555846662
-161.82811505686416,66.88166328598223,472.7713963200957,1093.718091696739
-170.2852687115349,63.80326239245185,478.7620789032411,1093.3838430048977
-179.11685559094437,65.53620012689073,484.7479834801491,1093.794873899298
-177.91867206000967,74.45608556484318,490.7027536645704,1093.059542646918
-182.20650247150928,82.36901867224518,496.1785656368008,1095.5121908574808
-184.5547451221626,73.68076473640444,502.1681666396487,1095.1590905506505
-191.94774979866824,68.54817456640598,508.1540711048163,1094.7480580289607
-200.66319094260493,70.79341078261459,514.1222231299236,1094.1306753233334
-200.05803677642893,79.77304264785045,520.1091317301775,1093.7345372006985
-204.82487641650076,87.40699574214172,526.0734394515014,1094.3880151309736
-205.1553262306421,96.40092719175446,531.7950733044419,1096.194366717151
-203.84516896470467,87.49679961301264,537.5191412089885,1097.9929902531194
-212.81091107083603,88.28131760920043,541.6169612354661,1102.3756687755072
-214.99967576174367,97.01111194399637,545.8988282152804,1106.5787170939511
-209.69345022092867,104.28049778531762,549.0479340980356,1111.6858818787605
-205.16495886258267,112.05820734645353,552.7085873678392,1116.4397873929956
-208.69675642657333,120.336275114175,556.431060546136,1121.1454428666636
-209.508100824663,111.37292081638626,562.2620557614478,1119.731407931094
-210.68208004351723,120.29602413270496,567.9186568583195,1117.7306920514975
-215.26698968215382,112.55143869476596,572.7172267951725,1121.3325980137809
-211.2254624337722,104.50991784976479,578.3035355605598,1123.5219253939952
-202.84079642151787,107.78060216087559,584.3032600331907,1123.4644253721372
-197.1466804408959,114.75032548387951,589.7390642299692,1126.004510554623
-189.11421981224535,118.80982991781951,595.7254207834928,1126.4089054285826
-187.94448854761532,127.73349109295086,601.6064434029549,1127.5978431684896
-196.72787849537485,129.6961579076691,607.4004420576476,1129.156554042712
-202.5391118151262,122.8237807859294,613.3881928443772,1128.7733562921708
-196.23422936112667,116.40128460132577,618.9757804673549,1126.587294866788
-205.2257531935167,116.79179602441245,623.441440507489,1122.5800663474809
-197.1677007134509,120.8002608463243,628.2528408182927,1118.995317116475
-201.30057728948915,128.79521745704045,633.3297292561391,1115.797629860088
-193.6123560830986,124.11640834770438,636.5241000100507,1110.7186540296125
-185.08478046236385,121.23883054117167,639.9756208772668,1105.8108027988628
-184.84237947249986,112.24209548004464,645.1559990769546,1102.7836454345688
-178.38119775675636,118.50732738605907,650.1653165168767,1099.4811102286867
-180.37912259177162,109.73189028277876,651.9988388718407,1093.7681253894064
-172.85067151388293,114.66366728177579,654.0691605495493,1088.1366275290843
-181.83699353334794,114.16766671476198,657.7130498528769,1083.3698602025734
-187.28217358828982,121.33355913436071,661.2703950779681,1078.5381633009124
-192.02609135613827,113.68534076588486,665.9838252783593,1074.8255394651271
-184.0676968082221,117.88819172918322,671.0897966393535,1071.674498928938
-180.67639667468646,126.22480275551044,675.8792014284769,1068.0604151216749
-174.65528146391745,132.91406068286273,681.0167910843476,1064.9611938440164
-175.8408991022569,123.99249631243656,686.6040471178926,1062.7742850631994
-177.86233696706248,115.22244563078542,692.5029166669078,1061.6773174047423
-186.8363322585672,114.53877282304028,698.3068353776517,1060.1559602477682
-194.00945530647394,109.10312146008583,703.5370442104776,1057.2157365207315
-196.52363402114105,117.74481720749063,708.8989351774813,1054.5231308574448
-203.35911336518984,123.59940704257573,714.3763262873954,1052.0740112954318
-204.53687629287634,114.67680235077376,719.767540861684,1049.4406094244712
-195.53709794337513,114.6136385965435,716.3166716876271,1044.5322999452774
-199.03426425992777,122.90639614481229,713.0398720698199,1039.506110109553
-190.5540868444625,119.89199885808449,709.7482671236432,1034.4896036679838
-193.71007532326792,128.32050624205507,706.4498368012419,1029.4775823782982
-196.5089095252757,119.76676278613644,712.4112429992011,1028.7981442700552
-203.5198825648308,114.12351398437063,718.2792921179097,1030.0495433033072
-212.4825214240457,113.30430419482313,724.2295525643675,1030.82051711565
-220.3163847024037,108.8736624652321,729.6880074332918,1028.3294790902646
-218.02996227850576,100.16893544484277,735.1896773449685,1025.9353971821104
-222.14128946042797,92.16287593949389,740.9709776720914,1024.330228490786
-221.14561430567042,83.21812155571129,746.7493637164105,1022.7146002158358
-219.91225651933956,74.303031619491,752.6657669990195,1021.7165159520922
-216.38513620298266,66.0229698882029,758.6632756852136,1021.8894019232588
-210.32008148643556,59.37352545386936,764.6270352434834,1022.547863714972
-201.51860590458242,61.253426403930945,770.6007182434741,1023.1092115711372
-205.8682953151866,69.13252546608757,775.4111158558273,1026.6953062172763
-203.43807790829428,77.79820739858641,780.236347113551,1030.2614166066903
-200.9872416168894,69.13833433527121,785.8187958539613,1032.4605678203843
-197.2231475183262,60.96327497052279,791.1562932420709,1035.2012103786035
-190.211584226007,66.60579038457367,796.8606827815712,1037.0613017692724
-188.69947108252558,57.73372671024681,802.5020522485465,1039.104571339613
-186.81537484826953,48.93314824175614,808.4083062333957,1040.1610579067085
-179.88709391331685,43.18867931187492,814.3863162067197,1040.6742798458715
-180.28708384345327,52.17978647705702,820.3073337983063,1039.7039445017135
-177.36335044538174,60.69164779036567,826.2347682394625,1040.6342782836412
-185.73295237754093,64.00069047627905,832.0640645632278,1042.055300581051
-192.39715742224178,70.04952268772143,836.9700286858132,1045.5095032427232
-189.19580755648764,78.4609053943301,842.4265653192654,1048.004740299156
-181.594703042898,83.27995199853375,847.6260223076804,1050.999009329424
-174.29070069734505,78.02147791034461,848.6577496875034,1056.9096386202627
-178.22493666608332,86.11603085305154,850.64909400122,1062.5695456711098
-169.23227871092337,85.75257122462247,852.7317799589341,1068.196482599985
-160.66547078407638,82.99398427755864,854.7009700379282,1073.8641355915497
-162.7557036179989,91.74789350144209,857.1721571077643,1079.3316061644814
-167.1664660315617,99.5929667918009,859.886087627223,1084.6827351234535
-169.98377870039985,108.14064187488657,862.4657655597828,1090.0998618308754
-171.51723013254488,99.27224141565765,865.8026487717472,1095.0863646564746
-162.99382090707212,102.1621367727814,868.5337700851877,1100.4287401928134
-171.1297379228115,106.01010432890787,871.5227703329809,1105.6312278207365
-162.46236933065921,103.58590926914651,875.7498454247457,1109.8893772038114
-166.1895527804592,95.39395568458949,879.5854825406672,1114.5032571236798
-172.09077283812584,88.5986924938814,883.1166397791578,1119.3541259692636
-168.46870223009986,96.837661149634,888.1069944772695,1122.6852458991125
-162.08051792728304,90.4980159455832,893.1144180209354,1125.9906519943356
-156.7338842732949,83.25829850841474,898.411486639594,1128.808641357201
-147.758773550591,83.92716883606069,903.3866751130312,1132.1623705731306
-139.82221160556094,79.68323381149916,908.7225639444856,1134.906143591869
-148.64897775287884,77.92590647131397,914.129514205472,1137.5070835902584
-144.97482198485457,86.14178009450788,919.434837029538,1140.3095021408042
-140.42631317677814,93.90780015776105,924.4553440059968,1143.595002057001
-138.7756420882328,102.75513223909721,929.6321127359096,1146.628327874812
-129.78691643611972,103.2054778297765,933.7698507867528,1150.973339246788
-135.3640167854569,110.26918448375235,937.5899035592836,1155.60013044751
-144.07160489406974,107.99368248842391,940.911803724197,1160.5966271496354
-137.42322520399318,114.05990433538739,944.422293827173,1165.4624733491064
-129.93685537862441,119.05532892573079,949.3337084870368,1168.9089216714915
-122.34443902521127,123.8880521659365,954.5940985178272,1171.794800519254
-115.05642527819032,118.60744087336505,960.1549033360436,1174.048120242174
-116.03611303383876,109.66092133214501,964.9645237053024,1177.6352572487033
-117.50310842260346,118.54055671482502,969.7247839237284,1181.287643133693
-123.33233288644605,111.68343325450009,973.8332608777912,1185.6603330515734
-114.33248552563661,111.73584968447081,978.8626200341156,1188.932266192195
-122.64299384497583,108.28107740916911,983.6469372774884,1192.553082193425
-119.32959080204978,99.91320072059824,988.577811954736,1195.9716308499865
-112.21034813811997,94.40716912860015,993.2113696558324,1199.7834733218904
-118.07922890257393,101.23038234325362,997.8963835855534,1203.5318922523625
-109.10981340962476,100.48904185815715,1002.8189959975606,1206.9623276534671
-108.67003034700898,91.49979323227991,1007.684194192832,1210.4737157722495
-114.94143817097522,97.95498059636893,1012.5459846905164,1213.9898205995587
-119.41093975599676,105.76673811830273,1017.6898432097591,1217.0786261185276
-114.98300870762239,113.60213387287962,1023.2894693597532,1219.233663700637
-113.59766186951504,122.49487327860525,1029.2055036473682,1220.2339328183075
-104.80357087820184,120.58072499895093,1033.7559634545423,1216.3232659259102
-97.41186631932872,125.71518735778986,1038.80785433434,1213.086230470649
-100.12781216194246,117.13476556279699,1043.9986647114335,1210.0769967427614
-107.86348467594367,112.53483395937876,1049.9723330222616,1210.6385008943107
